,,,,,,,,SCA,SCA,SCA Types,SCA Types,SCA Types,SCA Types,SCA Types,SCA Types,GCA,GCA,GCA Types,GCA Types,GCA Types,GCA Types,GCA Types,GCA Types,,-additional
Rk,Player,Nation,Pos,Squad,Age,Born,90s,SCA,SCA90,PassLive,PassDead,Drib,Sh,Fld,Def,GCA,GCA90,PassLive,PassDead,Drib,Sh,Fld,Def,Matches,-9999
1,Antonio Adán,es ESP,GK,Atlético Madrid,31,1987,1.0,0,0.00,0,0,0,0,0,0,0,0.00,0,0,0,0,0,0,Matches,65d62814
2,Aday,es ESP,DFMF,Girona,30,1987,7.2,25,3.49,14,5,3,2,1,0,2,0.28,2,0,0,0,0,0,Matches,5890cef1
3,Aritz Aduriz,es ESP,FW,Athletic Club,37,1981,10.5,15,1.43,13,0,0,1,1,0,1,0.10,1,0,0,0,0,0,Matches,293211e1
4,Luis Advíncula,pe PER,DF,Rayo Vallecano,28,1990,26.5,41,1.54,28,3,2,1,7,0,7,0.26,4,0,0,0,3,0,Matches,cacadf4f
5,Martin Agirregabiria,es ESP,DF,Alavés,22,1996,22.6,22,0.97,20,0,1,0,0,1,1,0.04,1,0,0,0,0,0,Matches,355c883a
6,Juan Aguilera,es ESP,MF,Huesca,32,1985,3.8,5,1.31,5,0,0,0,0,0,0,0.00,0,0,0,0,0,0,Matches,18dc8533
7,Carlos Akapo,gq EQG,DF,Huesca,25,1993,11.4,16,1.41,10,1,3,1,1,0,2,0.18,1,0,0,0,1,0,Matches,f2a68b97
8,Sergio Akieme,es ESP,DF,Rayo Vallecano,20,1997,2.0,2,1.00,1,1,0,0,0,0,1,0.50,1,0,0,0,0,0,Matches,06efa9dc
9,Jordi Alba,es ESP,DF,Barcelona,29,1989,33.2,81,2.44,73,1,2,0,4,1,15,0.45,14,0,0,0,1,0,Matches,4601e194
10,Pedro Alcalá,es ESP,DF,Girona,29,1989,20.8,12,0.58,10,0,0,2,0,0,2,0.10,2,0,0,0,0,0,Matches,ba71d071
11,Rubén Alcaraz,es ESP,MF,Valladolid,27,1991,33.1,56,1.69,34,6,5,2,8,1,4,0.12,2,0,1,0,1,0,Matches,036bba5f
12,Álex Alegría,es ESP,FWMF,Rayo Vallecano,25,1992,1.6,5,3.21,3,0,1,1,0,0,0,0.00,0,0,0,0,0,0,Matches,46166b49
13,Iván Alejo,es ESP,MFFW,Getafe,23,1995,1.6,2,1.23,1,0,0,0,1,0,0,0.00,0,0,0,0,0,0,Matches,3d7e48ce
14,Carles Aleñá,es ESP,MF,Barcelona,20,1998,7.1,24,3.39,22,0,0,1,1,0,5,0.71,4,0,0,1,0,0,Matches,6c811eb7
15,Alexander,ar ARG,DF,Leganés,29,1988,0.1,0,0.00,0,0,0,0,0,0,0,0.00,0,0,0,0,0,0,Matches,3e1858af
16,Júnior Alonso,py PAR,DFMF,Celta Vigo,25,1993,6.0,5,0.84,5,0,0,0,0,0,0,0.00,0,0,0,0,0,0,Matches,b18a3023
17,Sergio Álvarez,es ESP,GK,Celta Vigo,31,1986,13.0,0,0.00,0,0,0,0,0,0,0,0.00,0,0,0,0,0,0,Matches,8875b8c9
18,Sergio Álvarez,es ESP,MFDF,Eibar,26,1992,11.9,6,0.51,6,0,0,0,0,0,1,0.08,1,0,0,0,0,0,Matches,88d91621
19,Yeray Álvarez,es ESP,DF,Athletic Club,23,1995,29.0,5,0.17,2,1,0,1,0,1,0,0.00,0,0,0,0,0,0,Matches,3ecc11d8
20,Ibrahim Amadou,fr FRA,MFDF,Sevilla,25,1993,8.5,8,0.94,7,1,0,0,0,0,0,0.00,0,0,0,0,0,0,Matches,9260926b
21,Jordi Amat,es ESP,DF,Rayo Vallecano,26,1992,30.7,15,0.49,11,1,0,1,1,1,0,0.00,0,0,0,0,0,0,Matches,d70a2141
22,Amath,sn SEN,MFFW,Getafe,22,1996,11.1,25,2.25,19,0,1,2,2,1,2,0.18,1,0,0,1,0,0,Matches,f3b1d9a2
23,José Ángel,es ESP,DF,Eibar,28,1989,33.6,87,2.59,52,26,3,2,2,2,6,0.18,5,1,0,0,0,0,Matches,3024e383
24,Miguel Ángel Moyá,es ESP,GK,Real Sociedad,34,1984,11.0,0,0.00,0,0,0,0,0,0,0,0.00,0,0,0,0,0,0,Matches,011d8c56
25,Antoñito,es ESP,DFMF,Valladolid,30,1987,20.7,44,2.13,35,2,4,0,2,1,2,0.10,1,0,1,0,0,0,Matches,dbe519cf
26,Vitorino Antunes,pt POR,DF,Getafe,31,1987,24.2,58,2.39,31,17,3,3,1,3,5,0.21,5,0,0,0,0,0,Matches,3e4f735d
27,Anuar,ma MAR,MF,Valladolid,23,1995,12.0,6,0.50,4,1,0,0,1,0,0,0.00,0,0,0,0,0,0,Matches,c93231dc
28,Emmanuel Apeh,ng NGA,MF,Celta Vigo,21,1996,0.2,1,6.43,1,0,0,0,0,0,0,0.00,0,0,0,0,0,0,Matches,a230ebcc
29,Mauro Arambarri,uy URU,MF,Getafe,22,1995,29.7,32,1.08,22,1,2,0,7,0,3,0.10,1,1,0,0,1,0,Matches,58afe001
30,Guilherme Arana,br BRA,MFDF,Sevilla,21,1997,7.0,5,0.72,5,0,0,0,0,0,0,0.00,0,0,0,0,0,0,Matches,2b15a82a
31,Néstor Araujo,mx MEX,DF,Celta Vigo,26,1991,29.8,14,0.47,12,0,0,1,0,1,0,0.00,0,0,0,0,0,0,Matches,27a013f7
32,Anaitz Arbilla,es ESP,DF,Eibar,31,1987,21.7,14,0.65,12,0,0,1,1,0,3,0.14,3,0,0,0,0,0,Matches,850c0a0d
33,Santiago Arias,co COL,DF,Atlético Madrid,26,1992,19.7,32,1.63,28,1,1,0,2,0,3,0.15,3,0,0,0,0,0,Matches,fdd60087
34,José Arnaiz,es ESP,DFMF,Leganés,23,1995,1.3,2,1.59,2,0,0,0,0,0,0,0.00,0,0,0,0,0,0,Matches,46e07328
35,Sergio Asenjo,es ESP,GK,Villarreal,29,1989,32.0,2,0.06,1,1,0,0,0,0,0,0.00,0,0,0,0,0,0,Matches,9f0ea33f
36,Marco Asensio,es ESP,FW,Real Madrid,22,1996,19.8,62,3.14,47,4,4,2,5,0,11,0.56,7,0,1,0,3,0,Matches,45af8a54
37,Iago Aspas,es ESP,FW,Celta Vigo,30,1987,25.0,101,4.04,77,4,8,6,4,2,15,0.60,12,0,2,0,1,0,Matches,7dcf86f6
38,Ezequiel Ávila,ar ARG,FWMF,Huesca,24,1994,22.2,49,2.21,30,1,5,6,6,1,7,0.32,3,0,0,2,1,1,Matches,253a06b9
39,Abdoulaye Ba,sn SEN,DF,Rayo Vallecano,27,1991,23.4,6,0.26,6,0,0,0,0,0,0,0.00,0,0,0,0,0,0,Matches,1f54ed90
40,Carlos Bacca,co COL,FW,Villarreal,31,1986,14.1,40,2.83,31,0,5,3,1,0,4,0.28,1,0,1,1,1,0,Matches,09a9e921
41,Gareth Bale,wls WAL,FW,Real Madrid,29,1989,19.8,44,2.22,30,1,6,3,4,0,8,0.40,6,0,1,1,0,0,Matches,a58bb1e1
42,Mikel Balenziaga,es ESP,DF,Athletic Club,30,1988,5.8,3,0.52,3,0,0,0,0,0,0,0.00,0,0,0,0,0,0,Matches,1fe67e86
43,Éver Banega,ar ARG,MF,Sevilla,30,1988,29.6,110,3.71,76,25,4,1,2,2,11,0.37,9,2,0,0,0,0,Matches,fa937f7a
44,Léo Baptistão,br BRA,FWMF,Espanyol,25,1992,13.7,42,3.07,29,0,5,5,2,1,2,0.15,2,0,0,0,0,0,Matches,35f6db55
45,Enis Bardhi,mk MKD,MF,Levante,23,1995,31.5,70,2.22,53,4,5,2,5,1,8,0.25,6,1,1,0,0,0,Matches,cac2537b
46,Antonio Barragán,es ESP,DFMF,Betis,31,1987,10.4,12,1.16,12,0,0,0,0,0,0,0.00,0,0,0,0,0,0,Matches,487d9b09
47,Ander Barrenetxea,es ESP,FWMF,Real Sociedad,16,2001,4.4,16,3.61,12,0,3,0,0,1,2,0.45,2,0,0,0,0,0,Matches,200e89e1
48,Marc Bartra,es ESP,DF,Betis,27,1991,32.5,19,0.58,17,1,0,1,0,0,0,0.00,0,0,0,0,0,0,Matches,b742cc0d
49,Borja Bastón,es ESP,FW,Alavés,25,1992,16.0,16,1.00,13,0,1,2,0,0,1,0.06,1,0,0,0,0,0,Matches,8c44e37b
50,Michy Batshuayi,be BEL,FW,Valencia,24,1993,5.9,16,2.73,11,0,0,5,0,0,0,0.00,0,0,0,0,0,0,Matches,2973d8ff
51,Jon Bautista,es ESP,FWMF,Real Sociedad,23,1995,6.6,8,1.21,5,0,2,0,1,0,1,0.15,0,0,0,0,1,0,Matches,debc6b55
52,Bebé,cv CPV,FWMF,Rayo Vallecano,28,1990,14.5,39,2.70,21,4,7,4,2,1,4,0.28,1,1,1,0,1,0,Matches,d8712bf9
53,Bebé,cv CPV,MF,Eibar,28,1990,0.7,1,1.45,1,0,0,0,0,0,0,0.00,0,0,0,0,0,0,Matches,d8712bf9
54,Fran Beltrán,es ESP,MF,Celta Vigo,19,1999,16.9,23,1.36,22,0,0,0,1,0,0,0.00,0,0,0,0,0,0,Matches,ed5c5fa3
55,Wissam Ben Yedder,fr FRA,FW,Sevilla,27,1990,31.2,87,2.78,66,0,11,5,5,0,20,0.64,12,0,4,3,1,0,Matches,942b4f90
56,Karim Benzema,fr FRA,FW,Real Madrid,30,1987,32.8,119,3.63,88,1,12,11,4,3,12,0.37,8,0,0,3,1,0,Matches,70d74ece
57,Yuri Berchiche,es ESP,DFFW,Athletic Club,28,1990,34.7,42,1.21,31,1,0,3,6,1,4,0.12,4,0,0,0,0,0,Matches,b6e50615
58,Markel Bergara,es ESP,MF,Getafe,32,1986,0.6,0,0.00,0,0,0,0,0,0,0,0.00,0,0,0,0,0,0,Matches,04a65a8f
59,Pedro Bigas,es ESP,DF,Eibar,27,1990,6.5,2,0.31,2,0,0,0,0,0,1,0.15,1,0,0,0,0,0,Matches,697295b1
60,Alejandro Blanco,es ESP,FWMF,Alavés,19,1998,0.2,0,0.00,0,0,0,0,0,0,0,0.00,0,0,0,0,0,0,Matches,c4dce677
61,Rubén Blanco,es ESP,GK,Celta Vigo,23,1995,25.0,3,0.12,2,1,0,0,0,0,0,0.00,0,0,0,0,0,0,Matches,967f34d3
62,Pablo de Blasis,ar ARG,DFMF,Eibar,30,1988,16.9,36,2.13,34,0,0,0,1,1,0,0.00,0,0,0,0,0,0,Matches,9ab48bde
63,Emmanuel Boateng,gh GHA,FW,Levante,22,1996,7.8,12,1.55,5,0,2,2,3,0,3,0.39,1,0,0,1,1,0,Matches,2e23c66b
64,Kevin-Prince Boateng,gh GHA,FW,Barcelona,31,1987,2.7,3,1.13,3,0,0,0,0,0,0,0.00,0,0,0,0,0,0,Matches,f4ec4fd0
65,Daniele Bonera,it ITA,DF,Villarreal,37,1981,2.6,0,0.00,0,0,0,0,0,0,0,0.00,0,0,0,0,0,0,Matches,13b0c150
66,Ryad Boudebouz,dz ALG,MF,Celta Vigo,28,1990,8.0,30,3.77,25,2,3,0,0,0,3,0.38,3,0,0,0,0,0,Matches,1001ae82
67,Ryad Boudebouz,dz ALG,MFFW,Betis,28,1990,6.0,24,4.01,20,1,3,0,0,0,1,0.17,1,0,0,0,0,0,Matches,1001ae82
68,Sofiane Boufal,ma MAR,MFFW,Celta Vigo,24,1993,23.2,111,4.79,54,6,29,7,14,1,13,0.56,7,0,0,1,5,0,Matches,b0c71810
69,Yassine Bounou,ma MAR,GK,Girona,27,1991,31.8,0,0.00,0,0,0,0,0,0,0,0.00,0,0,0,0,0,0,Matches,f6798fc3
70,Martin Braithwaite,dk DEN,FW,Leganés,27,1991,15.6,23,1.48,18,0,2,1,2,0,6,0.39,4,0,0,1,1,0,Matches,fd771f95
71,Darko Brašanac,rs SRB,MF,Alavés,26,1992,17.6,24,1.37,18,2,1,1,2,0,1,0.06,1,0,0,0,0,0,Matches,4accb7e0
72,Rajko Brežančić,rs SRB,DF,Huesca,28,1989,0.7,0,0.00,0,0,0,0,0,0,0,0.00,0,0,0,0,0,0,Matches,1519a888
73,Bryan,es ESP,MFFW,Sevilla,17,2001,1.9,4,2.16,3,0,1,0,0,0,2,1.08,1,0,1,0,0,0,Matches,7b5ab7f2
74,Burgui,es ESP,MFFW,Alavés,24,1993,6.2,24,3.89,16,3,2,0,3,0,2,0.32,2,0,0,0,0,0,Matches,45e304c8
75,Sergio Busquets,es ESP,MF,Barcelona,30,1988,30.2,51,1.69,45,0,0,1,2,3,5,0.17,4,0,0,0,0,1,Matches,5ab0ea87
76,Unai Bustinza,es ESP,DF,Leganés,26,1992,22.5,31,1.38,23,4,0,0,2,2,1,0.04,1,0,0,0,0,0,Matches,f3112790
77,Erick Cabaco,uy URU,DF,Levante,23,1995,18.1,9,0.50,9,0,0,0,0,0,1,0.06,1,0,0,0,0,0,Matches,e7ab4179
78,Gustavo Cabral,ar ARG,DF,Celta Vigo,32,1985,21.1,13,0.62,9,0,1,3,0,0,3,0.14,2,0,0,1,0,0,Matches,92b4a127
79,Leandro Cabrera,uy URU,DF,Getafe,27,1991,31.0,13,0.42,8,4,0,1,0,0,0,0.00,0,0,0,0,0,0,Matches,69cbc8b6
80,Jordi Calavera,es ESP,DF,Eibar,22,1995,0.0,0,0.00,0,0,0,0,0,0,0,0.00,0,0,0,0,0,0,Matches,bdef8cdb
81,Fernando Calero,es ESP,DF,Valladolid,22,1995,34.8,15,0.43,13,1,0,1,0,0,1,0.03,1,0,0,0,0,0,Matches,41b3069f
82,Jonathan Calleri,ar ARG,FW,Alavés,24,1993,31.9,67,2.10,42,0,9,6,9,1,5,0.16,1,0,1,1,2,0,Matches,6922f806
83,Juanjo Camacho,es ESP,MF,Huesca,37,1980,0.4,2,4.86,2,0,0,0,0,0,0,0.00,0,0,0,0,0,0,Matches,1a1609ab
84,Sergio Camello,es ESP,FW,Atlético Madrid,17,2001,0.5,1,2.00,1,0,0,0,0,0,0,0.00,0,0,0,0,0,0,Matches,873619c6
85,José Campaña,es ESP,MF,Levante,25,1993,35.7,81,2.27,51,24,2,2,2,0,14,0.39,5,7,1,1,0,0,Matches,61220da2
86,Sergio Canales,es ESP,MFFW,Betis,27,1991,29.5,93,3.15,62,19,5,1,6,0,10,0.34,8,0,1,0,1,0,Matches,a6de370d
87,Ander Capa,es ESP,DF,Athletic Club,26,1992,18.2,30,1.64,23,2,2,1,2,0,2,0.11,2,0,0,0,0,0,Matches,37f1cf47
88,Marc Cardona,es ESP,FWMF,Eibar,23,1995,6.7,11,1.64,7,0,2,1,1,0,2,0.30,1,0,0,1,0,0,Matches,b92b456a
89,Daniel Carriço,pt POR,DF,Sevilla,29,1988,23.7,16,0.68,15,1,0,0,0,0,2,0.08,2,0,0,0,0,0,Matches,e1deea75
90,Guido Carrillo,ar ARG,FW,Leganés,27,1991,22.1,48,2.17,39,0,0,5,4,0,3,0.14,3,0,0,0,0,0,Matches,8f898ba8
91,Dani Carvajal,es ESP,DF,Real Madrid,26,1992,23.4,56,2.39,48,1,3,3,1,0,6,0.26,3,0,0,2,1,0,Matches,4958bfb2
92,William Carvalho,pt POR,MF,Betis,26,1992,26.5,58,2.19,49,0,3,0,5,1,9,0.34,8,0,1,0,0,0,Matches,dee86451
93,Casemiro,br BRA,MF,Real Madrid,26,1992,25.7,45,1.75,33,0,1,5,5,1,3,0.12,0,0,0,1,2,0,Matches,4d224fe8
94,Santiago Cáseres,ar ARG,MF,Villarreal,21,1997,17.6,30,1.70,23,0,1,0,1,5,1,0.06,1,0,0,0,0,0,Matches,958bba56
95,Catena,es ESP,DF,Rayo Vallecano,23,1994,2.0,3,1.53,3,0,0,0,0,0,0,0.00,0,0,0,0,0,0,Matches,274ab13c
96,Santi Cazorla,es ESP,MFFW,Villarreal,33,1984,29.4,120,4.08,70,34,6,4,4,2,13,0.44,7,5,0,0,0,1,Matches,e2e9c250
97,Dani Ceballos,es ESP,MFFW,Real Madrid,21,1996,13.9,50,3.61,42,0,2,2,4,0,2,0.14,1,0,0,1,0,0,Matches,c0617e2b
98,Charles,br BRA,FW,Eibar,34,1984,19.3,34,1.76,26,0,0,0,8,0,4,0.21,2,0,0,0,2,0,Matches,c4b8bcf4
99,Chechu,es ESP,DF,Rayo Vallecano,36,1982,1.0,3,3.00,3,0,0,0,0,0,0,0.00,0,0,0,0,0,0,Matches,e98f3a6a
100,Chema,es ESP,DF,Levante,26,1992,13.9,4,0.29,4,0,0,0,0,0,0,0.00,0,0,0,0,0,0,Matches,7f203b54
101,Denis Cheryshev,ru RUS,MFFW,Valencia,27,1990,19.0,61,3.22,51,0,3,2,3,2,4,0.21,2,0,0,0,1,1,Matches,0ac94a23
102,Leandro Chichizola,ar ARG,GK,Getafe,28,1990,1.0,0,0.00,0,0,0,0,0,0,0,0.00,0,0,0,0,0,0,Matches,8d957256
103,Samuel Chukwueze,ng NGA,FWMF,Villarreal,19,1999,19.0,57,3.01,33,1,11,7,3,2,5,0.26,3,0,1,1,0,0,Matches,b8a642fc
104,Jasper Cillessen,nl NED,GK,Barcelona,29,1989,3.0,0,0.00,0,0,0,0,0,0,0,0.00,0,0,0,0,0,0,Matches,04ac8285
105,Coke,es ESP,DF,Levante,31,1987,20.2,27,1.34,21,3,1,0,2,0,5,0.25,5,0,0,0,0,0,Matches,6d8f8441
106,Álex Collado,es ESP,FW,Barcelona,19,1999,0.9,0,0.00,0,0,0,0,0,0,0,0.00,0,0,0,0,0,0,Matches,85dace26
107,Santi Comesaña,es ESP,MF,Rayo Vallecano,21,1996,22.6,26,1.15,25,0,0,1,0,0,3,0.13,3,0,0,0,0,0,Matches,5ae499d0
108,Duje Čop,hr CRO,FW,Valladolid,28,1990,7.6,19,2.49,14,0,1,1,2,1,1,0.13,1,0,0,0,0,0,Matches,8b0b02c9
109,Francis Coquelin,fr FRA,MF,Valencia,27,1991,19.6,38,1.94,33,0,2,2,0,1,1,0.05,0,0,0,1,0,0,Matches,a6951bf8
110,Iñigo Córdoba,es ESP,FW,Athletic Club,21,1997,14.7,34,2.32,21,0,4,3,2,4,6,0.41,4,0,0,1,0,1,Matches,49ea92be
111,Ángel Correa,ar ARG,MFFW,Atlético Madrid,23,1995,21.3,81,3.80,59,0,7,4,9,2,13,0.61,10,0,1,1,0,1,Matches,01eb744d
112,Diego Costa,es ESP,FW,Atlético Madrid,29,1988,12.4,19,1.54,15,0,2,1,1,0,2,0.16,2,0,0,0,0,0,Matches,a190d597
113,Jaume Costa,es ESP,DF,Villarreal,30,1988,16.6,28,1.69,23,2,0,1,2,0,3,0.18,1,0,0,1,1,0,Matches,808d48f3
114,David Costas,es ESP,DF,Celta Vigo,23,1995,13.0,3,0.23,3,0,0,0,0,0,0,0.00,0,0,0,0,0,0,Matches,545e2f01
115,Thibaut Courtois,be BEL,GK,Real Madrid,26,1992,27.0,2,0.07,1,1,0,0,0,0,0,0.00,0,0,0,0,0,0,Matches,1840e36d
116,Philippe Coutinho,br BRA,FWMF,Barcelona,26,1992,22.4,89,3.97,63,7,11,5,2,1,6,0.27,6,0,0,0,0,0,Matches,0ef89a37
117,Sebastián Cristóforo,uy URU,MFFW,Getafe,24,1993,5.0,13,2.60,10,2,0,0,1,0,3,0.60,1,1,0,0,1,0,Matches,3c05c659
118,Cucho,co COL,FW,Huesca,19,1999,23.9,75,3.14,46,1,11,10,3,4,7,0.29,4,0,0,2,1,0,Matches,71b47ab9
119,Marc Cucurella,es ESP,MFFW,Eibar,20,1998,26.2,66,2.52,56,0,1,2,2,5,8,0.31,6,0,1,0,0,1,Matches,1daec722
120,Iván Cuéllar,es ESP,GK,Leganés,34,1984,33.9,1,0.03,1,0,0,0,0,0,0,0.00,0,0,0,0,0,0,Matches,75751c99
121,Sergi Darder,es ESP,MF,Espanyol,24,1993,30.1,85,2.82,55,9,9,6,4,2,6,0.20,5,0,0,1,0,0,Matches,070a3904
122,Moisés Delgado,es ESP,DF,Valladolid,24,1994,3.0,5,1.67,4,0,0,1,0,0,0,0.00,0,0,0,0,0,0,Matches,248c409d
123,Ousmane Dembélé,fr FRA,FWMF,Barcelona,21,1997,18.5,85,4.61,60,9,10,3,3,0,12,0.65,8,3,1,0,0,0,Matches,b19db005
124,Franco Di Santo,ar ARG,FWMF,Rayo Vallecano,29,1989,1.9,1,0.52,1,0,0,0,0,0,0,0.00,0,0,0,0,0,0,Matches,549c6ba7
125,Mouctar Diakhaby,gn GUI,DF,Valencia,21,1996,17.6,7,0.40,5,0,0,2,0,0,0,0.00,0,0,0,0,0,0,Matches,d2110326
126,Brahim Díaz,es ESP,FW,Real Madrid,18,1999,4.2,21,5.03,10,0,7,0,3,1,4,0.96,1,0,2,0,0,1,Matches,407feb71
127,Javier Díaz,es ESP,GK,Sevilla,21,1997,1.0,0,0.00,0,0,0,0,0,0,0,0.00,0,0,0,0,0,0,Matches,17a1299d
128,Adrián Diéguez,es ESP,DF,Huesca,22,1996,8.3,3,0.36,2,1,0,0,0,0,0,0.00,0,0,0,0,0,0,Matches,70438d35
129,Stole Dimitrievski,mk MKD,GK,Rayo Vallecano,24,1993,21.0,1,0.05,1,0,0,0,0,0,0,0.00,0,0,0,0,0,0,Matches,fc70e345
130,Papakouli Diop,sn SEN,MF,Eibar,32,1986,26.1,45,1.72,35,0,3,2,5,0,1,0.04,0,0,0,1,0,0,Matches,7329018e
131,Djené,tg TOG,DF,Getafe,26,1991,33.1,21,0.64,11,2,3,0,3,2,4,0.12,1,0,1,0,2,0,Matches,a4971d84
132,Marko Dmitrović,rs SRB,GK,Eibar,26,1992,24.0,2,0.08,1,1,0,0,0,0,1,0.04,1,0,0,0,0,0,Matches,ac295d9e
133,Jaume Doménech,es ESP,GK,Valencia,27,1990,4.0,0,0.00,0,0,0,0,0,0,0,0.00,0,0,0,0,0,0,Matches,c9cb972b
134,Cheick Doukouré,ci CIV,MF,Levante,25,1992,3.5,1,0.28,1,0,0,0,0,0,0,0.00,0,0,0,0,0,0,Matches,e208bcc8
135,Seydou Doumbia,ci CIV,FW,Girona,30,1987,6.0,5,0.83,2,0,0,2,1,0,2,0.33,1,0,0,1,0,0,Matches,c49afee6
136,Óscar Duarte,cr CRC,DFMF,Espanyol,29,1989,7.3,5,0.68,4,0,0,0,0,1,0,0.00,0,0,0,0,0,0,Matches,aa0ac32d
137,Rubén Duarte,es ESP,DF,Alavés,22,1995,30.8,44,1.43,29,2,0,4,7,2,2,0.06,1,0,0,1,0,0,Matches,1fe0492d
138,Hugo Duro,es ESP,MFFW,Getafe,18,1999,4.6,4,0.86,1,0,0,0,2,1,1,0.22,0,0,0,0,1,0,Matches,37e103f8
139,Raphael Dwamena,gh GHA,FW,Levante,22,1995,2.5,7,2.84,5,0,1,0,1,0,2,0.81,1,0,0,0,1,0,Matches,525f9bf4
140,Dennis Eckert,de GER,FW,Celta Vigo,21,1997,2.4,4,1.67,3,0,0,1,0,0,0,0.00,0,0,0,0,0,0,Matches,7f8fb807
141,Aritz Elustondo,es ESP,DF,Real Sociedad,24,1994,25.0,20,0.80,17,0,0,1,1,1,2,0.08,1,0,0,1,0,0,Matches,f7dc2ae5
142,Gorka Elustondo,es ESP,MF,Rayo Vallecano,31,1987,3.2,3,0.95,2,0,0,1,0,0,0,0.00,0,0,0,0,0,0,Matches,7b309e55
143,Rodrigo Ely,br BRA,DF,Alavés,24,1993,4.8,1,0.21,1,0,0,0,0,0,0,0.00,0,0,0,0,0,0,Matches,fd47b4f2
144,Adri Embarba,es ESP,FWMF,Rayo Vallecano,26,1992,25.4,82,3.23,38,31,1,4,6,2,9,0.35,7,1,0,0,1,0,Matches,db8f0eba
145,Emerson,br BRA,DF,Betis,19,1999,3.5,8,2.27,6,0,0,0,2,0,0,0.00,0,0,0,0,0,0,Matches,df8b52a5
146,Youssef En-Nesyri,ma MAR,FW,Leganés,21,1997,23.4,32,1.37,20,0,4,3,4,1,3,0.13,2,0,1,0,0,0,Matches,04e17fd5
147,Sergi Enrich,es ESP,FW,Eibar,28,1990,28.7,58,2.02,45,0,4,4,3,2,12,0.42,7,0,0,3,2,0,Matches,bb4b1242
148,Javier Eraso,es ESP,MFFW,Leganés,28,1990,7.0,13,1.85,7,3,1,0,2,0,1,0.14,0,0,0,0,1,0,Matches,aec0fb6f
149,Gonzalo Escalante,ar ARG,MF,Eibar,25,1993,19.9,28,1.41,20,0,1,4,2,1,3,0.15,2,0,0,1,0,0,Matches,3f79a1c8
150,Sergio Escudero,es ESP,DFMF,Sevilla,28,1989,17.2,26,1.51,20,3,1,0,2,0,2,0.12,2,0,0,0,0,0,Matches,b0616e3d
151,Bernardo Espinosa,co COL,DF,Girona,29,1989,30.3,13,0.43,11,0,0,2,0,0,1,0.03,1,0,0,0,0,0,Matches,4242011c
152,Beñat Etxebarria,es ESP,MF,Athletic Club,31,1987,22.6,57,2.53,31,23,0,2,0,1,1,0.04,0,1,0,0,0,0,Matches,b037bd4f
153,Xabier Etxeita,es ESP,DF,Huesca,30,1987,29.7,12,0.40,7,1,0,4,0,0,0,0.00,0,0,0,0,0,0,Matches,4a895384
154,Zouhair Feddal,ma MAR,DF,Betis,29,1989,18.9,14,0.74,12,0,0,2,0,0,1,0.05,1,0,0,0,0,0,Matches,89151b16
155,Aitor Fernández,es ESP,GK,Levante,27,1991,16.0,2,0.12,2,0,0,0,0,0,0,0.00,0,0,0,0,0,0,Matches,a01c3d54
156,Andrés Fernández,es ESP,GK,Villarreal,31,1986,6.0,2,0.33,1,1,0,0,0,0,0,0.00,0,0,0,0,0,0,Matches,307fcd26
157,Borja Fernández,es ESP,MFDF,Valladolid,37,1981,9.3,6,0.64,4,0,0,1,1,0,0,0.00,0,0,0,0,0,0,Matches,9127f9ce
158,Joaquín Fernández,es ESP,DFMF,Valladolid,22,1996,9.3,3,0.32,2,0,0,1,0,0,0,0.00,0,0,0,0,0,0,Matches,b86a64b2
159,David Ferreiro,es ESP,FWMF,Huesca,30,1988,25.3,79,3.12,37,27,5,4,4,2,4,0.16,2,2,0,0,0,0,Matches,8970907e
160,Facundo Ferreyra,ar ARG,FWMF,Espanyol,27,1991,2.3,2,0.95,1,0,0,0,1,0,0,0.00,0,0,0,0,0,0,Matches,b39a793e
161,Junior Firpo,es ESP,DFMF,Betis,21,1996,21.5,35,1.63,28,1,1,1,3,1,4,0.19,4,0,0,0,0,0,Matches,24f59bb2
162,Mathieu Flamini,fr FRA,MF,Getafe,34,1984,5.0,3,0.60,2,0,0,0,1,0,0,0.00,0,0,0,0,0,0,Matches,148d4105
163,Pablo Fornals,es ESP,MFFW,Villarreal,22,1996,27.5,91,3.30,77,2,7,2,3,0,7,0.25,6,0,0,0,1,0,Matches,82927de4
164,Dimitri Foulquier,fr FRA,MFFW,Getafe,25,1993,20.0,29,1.45,18,0,5,1,4,1,4,0.20,2,0,2,0,0,0,Matches,45e17712
165,Javi Fuego,es ESP,MF,Villarreal,34,1984,2.6,4,1.55,3,1,0,0,0,0,1,0.39,1,0,0,0,0,0,Matches,2e8fc160
166,Ramiro Funes Mori,ar ARG,DFMF,Villarreal,27,1991,29.2,23,0.79,12,1,1,6,0,3,2,0.07,1,0,0,1,0,0,Matches,89cbc961
167,Javi Galán,es ESP,DFMF,Huesca,23,1994,16.0,31,1.94,23,2,2,0,3,1,3,0.19,3,0,0,0,0,0,Matches,a4b00319
168,Álex Gallar,es ESP,MFFW,Huesca,26,1992,11.2,54,4.82,33,7,7,4,1,2,4,0.36,1,0,2,1,0,0,Matches,36d5469c
169,Enric Gallego,es ESP,FW,Huesca,31,1986,17.1,32,1.87,23,0,4,0,3,2,2,0.12,1,0,1,0,0,0,Matches,82e9b89d
170,Álex Gálvez,es ESP,DF,Rayo Vallecano,29,1989,15.7,10,0.64,9,0,0,0,0,1,1,0.06,1,0,0,0,0,0,Matches,960fb42d
171,Kévin Gameiro,fr FRA,FW,Valencia,31,1987,17.9,52,2.90,42,0,1,2,4,3,6,0.33,4,0,0,1,1,0,Matches,42276181
172,Cristian Ganea,ro ROU,MF,Athletic Club,26,1992,0.5,2,3.67,2,0,0,0,0,0,0,0.00,0,0,0,0,0,0,Matches,baf5665c
173,Ezequiel Garay,ar ARG,DF,Valencia,31,1986,23.7,12,0.51,11,0,0,1,0,0,0,0.00,0,0,0,0,0,0,Matches,ac3fb1be
174,Borja Garcés,es ESP,FW,Atlético Madrid,18,1999,0.2,0,0.00,0,0,0,0,0,0,0,0.00,0,0,0,0,0,0,Matches,bc39454c
175,Alberto García,es ESP,GK,Rayo Vallecano,33,1985,17.0,0,0.00,0,0,0,0,0,0,0,0.00,0,0,0,0,0,0,Matches,17d9e354
176,Aleix García,es ESP,MF,Girona,21,1997,18.5,46,2.49,26,17,0,1,2,0,3,0.16,2,1,0,0,0,0,Matches,a10361d2
177,Álvaro García,es ESP,FWMF,Rayo Vallecano,25,1992,19.6,51,2.60,39,3,2,3,3,1,6,0.31,5,0,0,1,0,0,Matches,90bbd822
178,Borja García,es ESP,FWMF,Girona,27,1990,29.2,67,2.29,51,2,6,1,7,0,6,0.21,4,0,1,0,1,0,Matches,e7f4603c
179,Dani García,es ESP,MF,Athletic Club,28,1990,27.5,14,0.51,14,0,0,0,0,0,3,0.11,3,0,0,0,0,0,Matches,240d3a0b
180,Javi García,es ESP,DFMF,Betis,31,1987,5.8,1,0.17,1,0,0,0,0,0,0,0.00,0,0,0,0,0,0,Matches,167c1bb0
181,Manu García,es ESP,MF,Alavés,32,1986,25.9,31,1.20,21,0,0,3,3,4,1,0.04,1,0,0,0,0,0,Matches,05a4465d
182,Raúl García,es ESP,DF,Leganés,29,1989,4.2,1,0.24,0,0,0,0,1,0,0,0.00,0,0,0,0,0,0,Matches,1a317a1b
183,Raúl García,es ESP,DF,Girona,29,1989,9.4,8,0.85,4,3,1,0,0,0,1,0.11,1,0,0,0,0,0,Matches,1a317a1b
184,Raúl García,es ESP,MFFW,Athletic Club,32,1986,26.3,54,2.05,38,0,3,9,1,3,9,0.34,5,0,0,3,0,1,Matches,b418dbd4
185,Sergio García,es ESP,FWMF,Espanyol,35,1983,16.5,54,3.27,43,2,2,4,2,1,6,0.36,3,0,0,2,1,0,Matches,2bee98fd
186,Mario Gaspar,es ESP,DF,Villarreal,27,1990,28.9,36,1.25,30,1,3,1,0,1,2,0.07,2,0,0,0,0,0,Matches,fb5d47b3
187,Joris Gnagnon,fr FRA,DFMF,Sevilla,21,1997,5.0,6,1.21,3,0,0,1,0,2,0,0.00,0,0,0,0,0,0,Matches,1232e1dc
188,Diego Godín,uy URU,DF,Atlético Madrid,32,1986,27.9,9,0.32,6,0,0,2,0,1,3,0.11,2,0,0,1,0,0,Matches,fc4f85b1
189,Ibai Gómez,es ESP,FW,Athletic Club,28,1989,6.4,19,2.95,13,6,0,0,0,0,2,0.31,2,0,0,0,0,0,Matches,9d2a3d5f
190,Ibai Gómez,es ESP,MFFW,Alavés,28,1989,16.1,34,2.11,18,9,3,2,2,0,4,0.25,3,0,1,0,0,0,Matches,9d2a3d5f
191,Maxi Gómez,uy URU,FW,Celta Vigo,21,1996,32.9,72,2.19,49,0,4,8,11,0,12,0.36,6,0,1,2,3,0,Matches,4c2e9442
192,Moi Gómez,es ESP,MF,Huesca,24,1994,33.9,90,2.65,60,22,2,2,2,2,11,0.32,6,3,1,0,1,0,Matches,5a626448
193,Sergi Gómez,es ESP,DF,Sevilla,26,1992,30.7,19,0.62,16,0,0,2,0,1,0,0.00,0,0,0,0,0,0,Matches,bc6f5f06
194,Maxime Gonalons,fr FRA,MF,Sevilla,29,1989,6.0,7,1.17,4,0,1,0,0,2,0,0.00,0,0,0,0,0,0,Matches,b8c1de25
195,Álvaro González,es ESP,DF,Villarreal,28,1990,32.9,20,0.61,15,1,0,1,1,2,3,0.09,2,0,0,0,0,1,Matches,42dcf26d
196,Bruno González,es ESP,DF,Getafe,28,1990,18.9,8,0.42,5,0,0,1,2,0,3,0.16,2,0,0,1,0,0,Matches,f11fe861
197,Cristo González,es ESP,FW,Real Madrid,20,1997,0.5,1,2.00,1,0,0,0,0,0,0,0.00,0,0,0,0,0,0,Matches,896b5df2
198,Andoni Gorosabel,es ESP,DF,Real Sociedad,21,1996,5.1,7,1.38,7,0,0,0,0,0,0,0.00,0,0,0,0,0,0,Matches,6f5f82c0
199,Álex Granell,es ESP,MFDF,Girona,29,1988,26.6,86,3.24,47,30,2,1,6,0,7,0.26,3,4,0,0,0,0,Matches,a25250f8
200,Esteban Granero,es ESP,MF,Espanyol,31,1987,22.4,68,3.04,40,18,2,2,5,1,7,0.31,4,2,0,0,0,1,Matches,1b17ed86
201,Antoine Griezmann,fr FRA,FW,Atlético Madrid,27,1991,35.5,127,3.57,87,19,7,10,3,1,15,0.42,8,1,1,5,0,0,Matches,df69b544
202,Andrés Guardado,mx MEX,MFDF,Betis,31,1986,25.9,65,2.51,51,7,1,0,6,0,6,0.23,6,0,0,0,0,0,Matches,ef322658
203,Sergi Guardiola,es ESP,FW,Valladolid,27,1991,16.8,38,2.26,22,0,6,2,8,0,4,0.24,2,0,0,0,2,0,Matches,32974271
204,Sergi Guardiola,es ESP,FWMF,Getafe,27,1991,0.3,1,3.00,0,0,1,0,0,0,0,0.00,0,0,0,0,0,0,Matches,32974271
205,Gonçalo Guedes,pt POR,MFFW,Valencia,21,1996,16.3,58,3.56,39,1,7,3,7,1,11,0.68,9,0,1,1,0,0,Matches,e6bc67d7
206,Javi Guerra,es ESP,FWMF,Rayo Vallecano,36,1982,2.6,13,4.96,8,0,2,0,3,0,2,0.76,1,0,0,0,1,0,Matches,aa386464
207,Francis Guerrero,es ESP,DFMF,Betis,22,1996,19.8,32,1.62,24,2,1,0,5,0,4,0.20,4,0,0,0,0,0,Matches,59d53e8a
208,Ander Guevara,es ESP,MF,Real Sociedad,21,1997,1.0,1,1.00,1,0,0,0,0,0,0,0.00,0,0,0,0,0,0,Matches,8e48dc61
209,John Guidetti,se SWE,FW,Alavés,26,1992,7.0,14,2.00,13,0,1,0,0,0,2,0.29,2,0,0,0,0,0,Matches,99bebd12
210,Gerard Gumbau,es ESP,MF,Leganés,23,1994,13.3,20,1.50,8,4,0,2,4,2,2,0.15,1,0,0,1,0,0,Matches,ac454a4f
211,Serdar Gürler,tr TUR,FWMF,Huesca,26,1991,5.4,14,2.61,10,1,0,1,1,1,1,0.19,1,0,0,0,0,0,Matches,8d2ad5c0
212,Gorka Guruzeta,es ESP,FWMF,Athletic Club,21,1996,0.6,1,1.80,1,0,0,0,0,0,0,0.00,0,0,0,0,0,0,Matches,6b5ea2f4
213,Hacen,mr MTN,FW,Valladolid,20,1997,0.0,0,0.00,0,0,0,0,0,0,0,0.00,0,0,0,0,0,0,Matches,7c689c48
214,Munir El Haddadi,ma MAR,FW,Barcelona,22,1995,1.7,3,1.78,2,1,0,0,0,0,1,0.59,1,0,0,0,0,0,Matches,8696bc90
215,Munir El Haddadi,ma MAR,FWMF,Sevilla,22,1995,11.6,24,2.07,16,0,4,3,1,0,4,0.35,3,0,0,1,0,0,Matches,8696bc90
216,Uche Henry Agbo,ng NGA,MF,Rayo Vallecano,22,1995,4.1,4,0.97,3,0,0,0,1,0,0,0.00,0,0,0,0,0,0,Matches,98554bfd
217,Mario Hermoso,es ESP,DF,Espanyol,23,1995,31.2,20,0.64,14,0,1,5,0,0,2,0.06,1,0,0,1,0,0,Matches,555f3a0b
218,Lucas Hernández,fr FRA,DF,Atlético Madrid,22,1996,12.4,8,0.64,6,0,1,0,1,0,0,0.00,0,0,0,0,0,0,Matches,c3ee18ef
219,Theo Hernández,fr FRA,DF,Real Sociedad,20,1997,22.0,46,2.10,29,3,4,3,4,3,5,0.23,3,0,0,0,1,1,Matches,d4c9725f
220,Yangel Herrera,ve VEN,MFDF,Huesca,20,1998,12.8,21,1.64,11,1,2,4,3,0,2,0.16,0,0,0,2,0,0,Matches,e778654a
221,Iago Herrerín,es ESP,GK,Athletic Club,30,1988,31.0,6,0.19,5,1,0,0,0,0,1,0.03,1,0,0,0,0,0,Matches,9109185e
222,Pablo Hervías,es ESP,MF,Eibar,25,1993,2.0,7,3.50,2,4,0,0,1,0,1,0.50,1,0,0,0,0,0,Matches,ba5a9545
223,Pablo Hervías,es ESP,MFFW,Valladolid,25,1993,1.8,3,1.69,1,1,0,0,1,0,0,0.00,0,0,0,0,0,0,Matches,ba5a9545
224,Andrew Hjulsager,dk DEN,MFFW,Celta Vigo,23,1995,4.0,7,1.75,7,0,0,0,0,0,3,0.75,3,0,0,0,0,0,Matches,2ef16f06
225,Wesley Hoedt,nl NED,DF,Celta Vigo,24,1994,9.9,6,0.60,5,0,0,1,0,0,1,0.10,1,0,0,0,0,0,Matches,875898c7
226,Robert Ibáñez,es ESP,FWMF,Getafe,25,1993,0.8,2,2.37,0,0,0,0,2,0,0,0.00,0,0,0,0,0,0,Matches,c7429db3
227,Vicente Iborra,es ESP,MFFW,Villarreal,30,1988,18.5,28,1.51,25,0,0,1,2,0,5,0.27,4,0,0,1,0,0,Matches,ad1ffcfd
228,Borja Iglesias,es ESP,FW,Espanyol,25,1993,34.2,81,2.37,48,0,10,12,10,1,10,0.29,5,0,1,4,0,0,Matches,75645f0e
229,Asier Illarramendi,es ESP,MF,Real Sociedad,28,1990,20.2,24,1.19,14,6,1,3,0,0,2,0.10,1,1,0,0,0,0,Matches,5ce0b5ba
230,Giannelli Imbula,cd COD,MF,Rayo Vallecano,25,1992,19.2,48,2.49,32,5,6,0,3,2,4,0.21,4,0,0,0,0,0,Matches,b86fe156
231,Pablo Insua,es ESP,DF,Huesca,24,1993,8.6,1,0.12,0,1,0,0,0,0,0,0.00,0,0,0,0,0,0,Matches,4b5e7e90
232,Takashi Inui,jp JPN,FWMF,Betis,30,1988,4.2,15,3.58,8,0,4,0,2,1,1,0.24,1,0,0,0,0,0,Matches,61bd33d0
233,Takashi Inui,jp JPN,MFFW,Alavés,30,1988,9.2,13,1.41,4,0,3,1,4,1,2,0.22,1,0,0,0,1,0,Matches,61bd33d0
234,Gorka Iraizoz,es ESP,GK,Girona,37,1981,6.2,0,0.00,0,0,0,0,0,0,0,0.00,0,0,0,0,0,0,Matches,26f2473f
235,Carlos Isaac,es ESP,DF,Atlético Madrid,20,1998,1.0,2,2.00,1,0,0,0,1,0,0,0.00,0,0,0,0,0,0,Matches,3e5a168c
236,Isco,es ESP,MFFW,Real Madrid,26,1992,13.2,53,4.00,43,4,0,2,3,1,2,0.15,2,0,0,0,0,0,Matches,a0b4bb3e
237,Manuel Iturra,cl CHI,MF,Villarreal,34,1984,0.8,0,0.00,0,0,0,0,0,0,0,0.00,0,0,0,0,0,0,Matches,000b3da6
238,Ander Iturraspe,es ESP,MF,Athletic Club,29,1989,1.1,0,0.00,0,0,0,0,0,0,0,0.00,0,0,0,0,0,0,Matches,6dce77a5
239,Ivi,es ESP,MFFW,Valladolid,24,1994,0.2,0,0.00,0,0,0,0,0,0,0,0.00,0,0,0,0,0,0,Matches,d2fa73e7
240,Adnan Januzaj,be BEL,FWMF,Real Sociedad,23,1995,13.9,59,4.23,29,15,6,5,4,0,7,0.50,5,0,1,0,1,0,Matches,4737cebe
241,Jason,es ESP,MFFW,Levante,24,1994,25.9,55,2.12,37,4,2,0,9,3,8,0.31,7,0,0,0,1,0,Matches,9038c2a1
242,Mathias Jensen,dk DEN,MFFW,Celta Vigo,22,1996,2.6,4,1.53,4,0,0,0,0,0,0,0.00,0,0,0,0,0,0,Matches,0f134faf
243,Jesé,es ESP,FWMF,Betis,25,1993,8.7,20,2.31,11,0,4,3,1,1,1,0.12,0,0,0,1,0,0,Matches,4a537185
244,Joaquín,es ESP,FWDF,Betis,37,1981,18.8,82,4.35,56,10,7,3,4,2,5,0.27,3,0,1,0,1,0,Matches,4c5b14d2
245,Jony,es ESP,MFFW,Alavés,27,1991,33.0,128,3.88,61,46,11,5,1,4,16,0.48,7,6,1,1,0,1,Matches,244f57b9
246,Joan Jordán,es ESP,MF,Eibar,24,1994,31.9,123,3.85,59,46,6,2,8,2,9,0.28,5,3,0,0,1,0,Matches,2a0c8ba4
247,Willian José,br BRA,FW,Real Sociedad,26,1991,26.3,59,2.24,51,0,0,6,1,1,4,0.15,3,0,0,1,0,0,Matches,d87e2cae
248,Aleksandar Jovanović,rs SRB,GK,Huesca,25,1992,12.0,1,0.08,1,0,0,0,0,0,0,0.00,0,0,0,0,0,0,Matches,129dd8e7
249,Jozabed,es ESP,MF,Celta Vigo,27,1991,12.8,22,1.71,19,0,0,0,1,2,0,0.00,0,0,0,0,0,0,Matches,9b337c7c
250,Miguel Juan Llambrich,es ESP,DF,Villarreal,22,1996,6.0,11,1.82,10,0,0,0,0,1,1,0.17,1,0,0,0,0,0,Matches,d83f09ff
251,Juanfran,es ESP,DF,Atlético Madrid,33,1985,17.9,37,2.07,35,0,0,0,2,0,2,0.11,2,0,0,0,0,0,Matches,cfd8d664
252,Juanfran,es ESP,DF,Leganés,29,1988,16.2,45,2.78,33,6,2,1,2,1,2,0.12,2,0,0,0,0,0,Matches,9ba48d64
253,Juanmi,es ESP,FWMF,Real Sociedad,25,1993,16.9,28,1.65,17,0,3,5,3,0,6,0.35,3,0,0,2,1,0,Matches,84399660
254,Juanpe,es ESP,DF,Girona,27,1991,30.7,13,0.42,9,1,0,3,0,0,0,0.00,0,0,0,0,0,0,Matches,1633fc8a
255,Juanpi,ve VEN,MFFW,Huesca,24,1994,7.4,22,2.96,10,4,1,2,5,0,5,0.67,1,2,0,0,2,0,Matches,d79afcfc
256,David Juncà,es ESP,DF,Celta Vigo,24,1993,19.5,33,1.69,24,3,3,1,2,0,4,0.21,4,0,0,0,0,0,Matches,de7d40d6
257,Vinicius Júnior,br BRA,FW,Real Madrid,18,2000,9.7,44,4.56,28,1,5,4,5,1,5,0.52,3,0,1,0,1,0,Matches,7111d552
258,Gaël Kakuta,cd COD,MFFW,Rayo Vallecano,27,1991,8.0,15,1.88,12,2,0,0,0,1,0,0.00,0,0,0,0,0,0,Matches,5b1bf5e3
259,Nikola Kalinić,hr CRO,FW,Atlético Madrid,30,1988,7.1,8,1.12,6,0,1,1,0,0,2,0.28,1,0,0,1,0,0,Matches,d4931a5a
260,Lee Kangin,kr KOR,FWMF,Valencia,17,2001,0.3,1,3.75,1,0,0,0,0,0,0,0.00,0,0,0,0,0,0,Matches,8455ad90
261,Wilfrid Kaptoum,cm CMR,MF,Betis,22,1996,8.6,5,0.58,2,0,1,0,2,0,0,0.00,0,0,0,0,0,0,Matches,d717630e
262,Keko,es ESP,MFFW,Valladolid,26,1991,17.0,42,2.47,30,1,7,2,2,0,3,0.18,3,0,0,0,0,0,Matches,1512328c
263,Kike,es ESP,FW,Eibar,28,1989,14.4,32,2.22,23,0,1,4,4,0,0,0.00,0,0,0,0,0,0,Matches,e897d8ba
264,Simon Kjær,dk DEN,DF,Sevilla,29,1989,22.3,9,0.40,8,0,0,1,0,0,0,0.00,0,0,0,0,0,0,Matches,8b8a56ce
265,Kenan Kodro,ba BIH,FWMF,Athletic Club,24,1993,1.8,3,1.68,3,0,0,0,0,0,1,0.56,1,0,0,0,0,0,Matches,e82d2807
266,Koke,es ESP,MF,Atlético Madrid,26,1992,28.7,97,3.38,64,24,2,5,2,0,7,0.24,4,1,0,1,1,0,Matches,55126f3b
267,Geoffrey Kondogbia,cf CTA,MF,Valencia,25,1993,13.8,21,1.52,18,0,2,1,0,0,2,0.14,2,0,0,0,0,0,Matches,cce181df
268,Vasyl Kravets,ua UKR,DF,Leganés,20,1997,5.3,11,2.06,9,1,1,0,0,0,0,0.00,0,0,0,0,0,0,Matches,29e48848
269,Toni Kroos,de GER,MF,Real Madrid,28,1990,24.7,100,4.05,53,41,4,0,1,1,9,0.36,5,4,0,0,0,0,Matches,6ce1f46f
270,Víctor Laguardia,es ESP,DF,Alavés,28,1989,36.0,12,0.33,9,1,0,1,1,0,3,0.08,3,0,0,0,0,0,Matches,b7c99b9b
271,Diego Lainez,mx MEX,MFFW,Betis,18,2000,3.9,12,3.06,8,1,1,0,2,0,1,0.25,1,0,0,0,0,0,Matches,bf12926c
272,Toni Lato,es ESP,DF,Valencia,20,1997,3.0,5,1.67,5,0,0,0,0,0,1,0.33,1,0,0,0,0,0,Matches,8e088e04
273,Miguel Layún,mx MEX,MFDF,Villarreal,30,1988,5.6,16,2.85,4,10,1,1,0,0,1,0.18,0,1,0,0,0,0,Matches,ad6295d4
274,Robin Le Normand,fr FRA,DF,Real Sociedad,21,1996,3.2,3,0.95,1,0,0,2,0,0,1,0.32,0,0,0,1,0,0,Matches,9a64e67e
275,Wu Lei,cn CHN,FWMF,Espanyol,26,1991,11.8,23,1.95,13,0,2,5,2,1,3,0.25,1,0,0,1,1,0,Matches,e3fabb0a
276,Iñigo Lekue,es ESP,DF,Athletic Club,25,1993,2.3,3,1.28,2,1,0,0,0,0,1,0.43,1,0,0,0,0,0,Matches,59b7d823
277,Thomas Lemar,fr FRA,MFFW,Atlético Madrid,22,1995,20.2,59,2.92,39,11,5,1,3,0,6,0.30,6,0,0,0,0,0,Matches,4dbd0916
278,Clément Lenglet,fr FRA,DF,Barcelona,23,1995,21.5,1,0.05,1,0,0,0,0,0,0,0.00,0,0,0,0,0,0,Matches,4f28a6ff
279,Pedro León,es ESP,MFFW,Eibar,31,1986,4.7,6,1.27,3,2,0,0,0,1,0,0.00,0,0,0,0,0,0,Matches,d66b9872
280,Sergio León,es ESP,FWMF,Betis,29,1989,7.1,14,1.97,8,0,2,1,3,0,3,0.42,1,0,1,1,0,0,Matches,0a0cc13c
281,Diego Llorente,es ESP,DF,Real Sociedad,24,1993,19.5,8,0.41,8,0,0,0,0,0,0,0.00,0,0,0,0,0,0,Matches,bba30585
282,Marcos Llorente,es ESP,MF,Real Madrid,23,1995,6.0,7,1.17,7,0,0,0,0,0,1,0.17,1,0,0,0,0,0,Matches,02c15616
283,Giovani Lo Celso,ar ARG,MFFW,Betis,22,1996,26.6,79,2.97,58,1,2,6,10,2,15,0.56,12,0,0,1,2,0,Matches,d7553721
284,Stanislav Lobotka,sk SVK,MF,Celta Vigo,23,1994,27.7,49,1.77,43,0,2,2,2,0,5,0.18,4,0,0,1,0,0,Matches,e1cbb531
285,Samuele Longo,it ITA,FWMF,Huesca,26,1992,6.2,7,1.13,4,0,1,1,1,0,2,0.32,1,0,0,1,0,0,Matches,1163de29
286,Alejandro López,es ESP,MF,Espanyol,21,1997,1.2,2,1.61,2,0,0,0,0,0,0,0.00,0,0,0,0,0,0,Matches,f1887f53
287,David López,es ESP,DF,Espanyol,28,1989,20.2,17,0.84,14,0,0,1,2,0,3,0.15,1,0,0,1,1,0,Matches,f03f284b
288,Diego López,es ESP,GK,Espanyol,36,1981,38.0,2,0.05,1,1,0,0,0,0,0,0.00,0,0,0,0,0,0,Matches,73683fa9
289,Javi López,es ESP,DF,Espanyol,32,1986,21.6,37,1.71,32,1,1,1,1,1,3,0.14,3,0,0,0,0,0,Matches,ffad706e
290,Lluis López,es ESP,DF,Espanyol,21,1997,5.8,2,0.35,2,0,0,0,0,0,0,0.00,0,0,0,0,0,0,Matches,a685f013
291,Pedro López Muñoz,es ESP,DF,Levante,34,1983,5.2,13,2.52,11,0,1,0,1,0,2,0.39,1,0,0,0,1,0,Matches,a60823a4
292,Pau López,es ESP,GK,Betis,23,1994,33.0,4,0.12,4,0,0,0,0,0,1,0.03,1,0,0,0,0,0,Matches,20b9f052
293,Roberto López,es ESP,MF,Real Sociedad,18,2000,0.3,0,0.00,0,0,0,0,0,0,0,0.00,0,0,0,0,0,0,Matches,2a8c9f98
294,Unai López,es ESP,MF,Athletic Club,22,1995,3.6,3,0.82,3,0,0,0,0,0,0,0.00,0,0,0,0,0,0,Matches,88050721
295,Anthony Lozano,hn HON,FWMF,Girona,25,1993,8.1,20,2.47,9,1,1,5,4,0,4,0.49,0,0,0,3,1,0,Matches,38699c72
296,Filipe Luís,br BRA,DF,Atlético Madrid,32,1985,22.6,26,1.15,22,2,1,0,0,1,2,0.09,2,0,0,0,0,0,Matches,e4ed2628
297,José Luis Gayà,es ESP,DF,Valencia,23,1995,34.9,56,1.61,49,2,2,0,3,0,3,0.09,2,0,0,0,1,0,Matches,b05e2dbd
298,José Luis Morales,es ESP,FWMF,Levante,31,1987,35.5,115,3.24,66,0,25,6,16,2,18,0.51,7,0,5,2,4,0,Matches,4a478107
299,Luisinho,pt POR,DF,Huesca,33,1985,5.6,6,1.07,4,1,0,1,0,0,0,0.00,0,0,0,0,0,0,Matches,a7f00c8c
300,Douglas Luiz,br BRA,MF,Girona,20,1998,16.6,24,1.45,16,4,2,1,1,0,2,0.12,1,0,0,1,0,0,Matches,6f7d826d
301,Antonio Luna,es ESP,DF,Levante,27,1991,14.0,21,1.50,17,2,1,1,0,0,4,0.29,4,0,0,0,0,0,Matches,ed239245
302,Andriy Lunin,ua UKR,GK,Leganés,19,1999,4.1,0,0.00,0,0,0,0,0,0,0,0.00,0,0,0,0,0,0,Matches,3061e1ec
303,Nemanja Maksimović,rs SRB,MF,Getafe,23,1995,35.7,30,0.84,27,0,0,2,1,0,4,0.11,4,0,0,0,0,0,Matches,00b28772
304,Malcom,br BRA,FWDF,Barcelona,21,1997,6.8,20,2.93,16,1,1,2,0,0,4,0.59,4,0,0,0,0,0,Matches,6853490f
305,Hugo Mallo,es ESP,DF,Celta Vigo,27,1991,34.4,60,1.75,48,8,2,0,1,1,7,0.20,7,0,0,0,0,0,Matches,cb574619
306,Aïssa Mandi,dz ALG,DF,Betis,26,1991,34.0,32,0.94,32,0,0,0,0,0,2,0.06,2,0,0,0,0,0,Matches,fbd6378b
307,Martín Mantovani,ar ARG,DF,Huesca,34,1984,7.8,2,0.26,1,0,0,1,0,0,1,0.13,0,0,0,1,0,0,Matches,4ffb647d
308,Fran Manzanara,es ESP,DFMF,Levante,21,1996,1.7,1,0.57,1,0,0,0,0,0,0,0.00,0,0,0,0,0,0,Matches,bbfaeda4
309,Marcelo,br BRA,DF,Real Madrid,30,1988,20.6,65,3.16,56,1,5,3,0,0,7,0.34,5,0,1,1,0,0,Matches,603116a7
310,Óscar de Marcos,es ESP,DFFW,Athletic Club,29,1989,26.9,50,1.86,42,4,2,0,1,1,4,0.15,3,1,0,0,0,0,Matches,9f323c71
311,Miguel Marí,es ESP,MF,Eibar,21,1997,0.8,0,0.00,0,0,0,0,0,0,0,0.00,0,0,0,0,0,0,Matches,d70a3661
312,José María Giménez,uy URU,DF,Atlético Madrid,23,1995,19.7,6,0.30,4,1,0,0,0,1,0,0.00,0,0,0,0,0,0,Matches,f0da930c
313,Mariano,do DOM,FW,Real Madrid,24,1993,5.0,9,1.81,6,0,1,2,0,0,0,0.00,0,0,0,0,0,0,Matches,5c4dc0ff
314,Adrián Marín,es ESP,DFMF,Alavés,21,1997,3.2,0,0.00,0,0,0,0,0,0,0,0.00,0,0,0,0,0,0,Matches,b7f2edff
315,Guillermo Maripán,cl CHI,DF,Alavés,24,1994,22.3,13,0.58,6,2,0,4,1,0,5,0.22,2,1,0,2,0,0,Matches,d9764034
316,Roger Martí,es ESP,FW,Levante,27,1991,21.0,31,1.48,19,0,3,3,6,0,2,0.10,0,0,1,0,1,0,Matches,0ae4e09a
317,Iñigo Martínez,es ESP,DF,Athletic Club,27,1991,32.2,12,0.37,8,1,0,1,2,0,1,0.03,0,0,0,0,1,0,Matches,3fc45c73
318,Gelson Martins,pt POR,FW,Atlético Madrid,23,1995,2.5,7,2.75,4,0,0,0,3,0,2,0.79,1,0,0,0,1,0,Matches,3ef0fa48
319,Jordi Masip,es ESP,GK,Valladolid,29,1989,35.0,6,0.17,4,2,0,0,0,0,1,0.03,0,1,0,0,0,0,Matches,8fae77ea
320,Jaime Mata,es ESP,FWMF,Getafe,29,1988,27.0,37,1.37,27,0,3,2,5,0,6,0.22,5,0,0,0,1,0,Matches,02319ad7
321,Borja Mayoral,es ESP,FW,Levante,21,1997,18.0,33,1.83,28,1,1,0,3,0,5,0.28,5,0,0,0,0,0,Matches,64e8ed6d
322,Róbert Mazáň,sk SVK,DF,Celta Vigo,24,1994,1.0,2,2.00,1,0,0,1,0,0,0,0.00,0,0,0,0,0,0,Matches,30672832
323,Álvaro Medrán,es ESP,MF,Rayo Vallecano,24,1994,12.8,41,3.21,21,15,0,0,2,3,0,0.00,0,0,0,0,0,0,Matches,31223bcf
324,Óscar Melendo,es ESP,MFFW,Espanyol,20,1997,22.2,67,3.02,57,3,3,1,3,0,8,0.36,7,0,0,0,1,0,Matches,379652be
325,Gonzalo Melero,es ESP,MF,Huesca,24,1994,14.9,41,2.74,36,0,0,1,3,1,4,0.27,3,0,0,0,1,0,Matches,3902e91b
326,Arthur Melo,br BRA,MF,Barcelona,21,1996,15.9,26,1.64,23,0,0,0,3,0,2,0.13,1,0,0,0,1,0,Matches,48b3dd60
327,Brais Méndez,es ESP,MFFW,Celta Vigo,21,1997,26.1,80,3.07,50,16,1,6,7,0,14,0.54,8,3,1,1,1,0,Matches,c9e39d91
328,Gabriel Mercado,ar ARG,DF,Sevilla,31,1987,19.3,7,0.36,4,1,0,0,1,1,1,0.05,0,0,0,0,1,0,Matches,bf97c188
329,Mikel Merino,es ESP,MF,Real Sociedad,22,1996,22.8,40,1.75,31,1,2,0,6,0,6,0.26,4,0,0,0,2,0,Matches,d080ed5e
330,Sabin Merino,es ESP,FWMF,Leganés,26,1992,3.3,5,1.53,4,0,1,0,0,0,0,0.00,0,0,0,0,0,0,Matches,1d5f96d9
331,Martín Merquelanz,es ESP,MFFW,Real Sociedad,23,1995,0.1,0,0.00,0,0,0,0,0,0,0,0.00,0,0,0,0,0,0,Matches,ddd5348b
332,Roque Mesa,es ESP,MF,Sevilla,29,1989,19.4,51,2.63,33,2,2,5,3,6,6,0.31,4,0,1,0,0,1,Matches,7c4243d4
333,Lionel Messi,ar ARG,FW,Barcelona,31,1987,30.1,219,7.27,129,15,35,11,28,1,34,1.13,19,1,5,5,4,0,Matches,d70ce98e
334,Míchel,es ESP,MF,Valladolid,30,1988,28.4,85,3.00,52,26,2,0,1,4,4,0.14,2,2,0,0,0,0,Matches,418f8f61
335,Miguel,es ESP,MFFW,Valladolid,18,1999,0.1,1,7.50,0,0,0,1,0,0,0,0.00,0,0,0,0,0,0,Matches,6763373d
336,Pere Milla,es ESP,FWMF,Eibar,25,1992,3.8,6,1.58,3,1,2,0,0,0,0,0.00,0,0,0,0,0,0,Matches,335039a2
337,Santi Mina,es ESP,FW,Valencia,22,1995,20.6,33,1.60,24,0,3,2,4,0,5,0.24,4,0,1,0,0,0,Matches,0b90bb97
338,Ignasi Miquel,es ESP,DF,Getafe,25,1992,3.5,1,0.28,1,0,0,0,0,0,0,0.00,0,0,0,0,0,0,Matches,174f09a6
339,Jorge Miramón,es ESP,DF,Huesca,29,1989,27.7,49,1.77,41,3,2,1,1,1,1,0.04,1,0,0,0,0,0,Matches,7f4c7c9f
340,Luka Modrić,hr CRO,MF,Real Madrid,32,1985,29.0,110,3.80,80,12,4,5,4,5,14,0.48,8,2,1,2,0,1,Matches,6025fab1
341,Johan Mojica,co COL,DFMF,Girona,25,1992,0.2,1,4.50,0,0,0,0,1,0,0,0.00,0,0,0,0,0,0,Matches,608f2092
342,Jorge Molina,es ESP,FW,Getafe,36,1982,29.4,76,2.58,55,0,11,5,4,1,9,0.31,7,0,1,1,0,0,Matches,43f71e77
343,Victor Mollejo,es ESP,FWMF,Atlético Madrid,17,2001,0.7,2,2.77,2,0,0,0,0,0,0,0.00,0,0,0,0,0,0,Matches,23fffc06
344,Francisco Montero,es ESP,DF,Atlético Madrid,19,1999,4.5,0,0.00,0,0,0,0,0,0,0,0.00,0,0,0,0,0,0,Matches,3e96f3e7
345,Emre Mor,tr TUR,FWMF,Celta Vigo,21,1997,4.1,7,1.71,7,0,0,0,0,0,1,0.24,1,0,0,0,0,0,Matches,0c3f7197
346,Álvaro Morata,es ESP,FW,Atlético Madrid,25,1992,12.0,24,1.99,14,0,3,0,7,0,5,0.42,3,0,1,0,1,0,Matches,129af0db
347,Álex Moreno,es ESP,DF,Rayo Vallecano,25,1993,34.8,71,2.04,58,4,4,2,2,1,6,0.17,6,0,0,0,0,0,Matches,16e9d0ea
348,Gerard Moreno,es ESP,FW,Villarreal,26,1992,25.7,67,2.60,49,0,7,9,1,1,5,0.19,1,0,2,2,0,0,Matches,81f0781e
349,Héctor Moreno,mx MEX,DF,Real Sociedad,30,1988,21.5,7,0.33,7,0,0,0,0,0,0,0.00,0,0,0,0,0,0,Matches,5d311e8d
350,Sergio Moreno,es ESP,MF,Rayo Vallecano,19,1999,0.2,1,6.43,0,0,0,0,1,0,0,0.00,0,0,0,0,0,0,Matches,014b57f5
351,Manu Morlanes,es ESP,MF,Villarreal,19,1999,6.8,14,2.07,14,0,0,0,0,0,4,0.59,4,0,0,0,0,0,Matches,a0255c67
352,Loren Morón,es ESP,FW,Betis,24,1993,21.7,35,1.61,20,0,2,2,10,1,2,0.09,1,0,0,0,1,0,Matches,3aa4a3be
353,Toni Moya,es ESP,DF,Atlético Madrid,20,1998,1.0,1,1.00,0,0,0,0,0,1,0,0.00,0,0,0,0,0,0,Matches,9e098912
354,Javi Moyano,es ESP,DF,Valladolid,32,1986,23.3,21,0.90,17,2,0,1,1,0,1,0.04,1,0,0,0,0,0,Matches,933e8c8a
355,Iker Muniain,es ESP,FWMF,Athletic Club,25,1992,26.5,70,2.64,52,3,5,3,7,0,9,0.34,5,0,0,1,3,0,Matches,c05dfb74
356,Marc Muniesa,es ESP,DFMF,Girona,26,1992,15.6,23,1.47,18,4,1,0,0,0,0,0.00,0,0,0,0,0,0,Matches,4db76f57
357,Aihen Muñoz,es ESP,DF,Real Sociedad,20,1997,10.6,12,1.14,10,0,1,1,0,0,0,0.00,0,0,0,0,0,0,Matches,228b0d9d
358,Ezequiel Muñoz,ar ARG,DF,Leganés,27,1990,2.3,0,0.00,0,0,0,0,0,0,0,0.00,0,0,0,0,0,0,Matches,e4b8c5b6
359,Joaquín Muñoz,es ESP,MF,Atlético Madrid,19,1999,0.0,0,0.00,0,0,0,0,0,0,0,0.00,0,0,0,0,0,0,Matches,e9fbcc21
360,Luis Muriel,co COL,MFFW,Sevilla,27,1991,1.4,3,2.20,2,0,1,0,0,0,1,0.73,1,0,0,0,0,0,Matches,eb2fe5b6
361,Jeison Murillo,co COL,DF,Barcelona,26,1992,1.3,2,1.59,1,0,0,1,0,0,0,0.00,0,0,0,0,0,0,Matches,b233e8e4
362,Jeison Murillo,co COL,DF,Valencia,26,1992,1.0,0,0.00,0,0,0,0,0,0,0,0.00,0,0,0,0,0,0,Matches,b233e8e4
363,Damián Musto,ar ARG,MF,Huesca,31,1987,18.7,22,1.17,18,0,0,1,2,1,2,0.11,1,0,0,0,1,0,Matches,74e0a984
364,Nacho,es ESP,DF,Real Madrid,28,1990,18.9,14,0.74,10,1,1,1,0,1,0,0.00,0,0,0,0,0,0,Matches,2946f9a1
365,Nacho,es ESP,DF,Valladolid,29,1989,35.0,66,1.89,53,6,2,2,2,1,5,0.14,4,0,0,1,0,0,Matches,e29d1111
366,Naldo,br BRA,DF,Espanyol,29,1988,15.1,2,0.13,2,0,0,0,0,0,0,0.00,0,0,0,0,0,0,Matches,a2609621
367,Ximo Navarro,es ESP,DF,Alavés,28,1990,28.1,30,1.07,18,4,4,1,3,0,5,0.18,4,0,0,0,1,0,Matches,8db394aa
368,Jesús Navas,es ESP,DFMF,Sevilla,32,1985,30.1,76,2.52,68,1,5,2,0,0,10,0.33,9,0,0,1,0,0,Matches,3f10bd22
369,Keylor Navas,cr CRC,GK,Real Madrid,31,1986,10.0,1,0.10,1,0,0,0,0,0,1,0.10,1,0,0,0,0,0,Matches,ecada4fc
370,Raúl Navas,es ESP,DF,Real Sociedad,30,1988,14.6,12,0.82,9,0,0,1,0,2,0,0.00,0,0,0,0,0,0,Matches,ad178594
371,Neto,br BRA,GK,Valencia,29,1989,34.0,3,0.09,2,1,0,0,0,0,0,0.00,0,0,0,0,0,0,Matches,a9dc785c
372,Saúl Ñíguez,es ESP,MFDF,Atlético Madrid,23,1994,32.5,43,1.32,30,1,3,3,4,2,5,0.15,4,0,0,1,0,0,Matches,c14bc029
373,Peru Nolaskoain,es ESP,DF,Athletic Club,19,1998,5.2,4,0.78,4,0,0,0,0,0,0,0.00,0,0,0,0,0,0,Matches,857cb4f3
374,Nolito,es ESP,FWMF,Sevilla,31,1986,0.8,2,2.37,1,0,1,0,0,0,0,0.00,0,0,0,0,0,0,Matches,b2d0ec1b
375,Unai Núñez,es ESP,DF,Athletic Club,21,1997,11.8,5,0.42,4,0,1,0,0,0,0,0.00,0,0,0,0,0,0,Matches,be170419
376,Allan Nyom,cm CMR,DF,Leganés,30,1988,19.0,34,1.79,31,0,2,1,0,0,2,0.11,2,0,0,0,0,0,Matches,97572117
377,Jan Oblak,si SVN,GK,Atlético Madrid,25,1993,37.0,1,0.03,1,0,0,0,0,0,0,0.00,0,0,0,0,0,0,Matches,ee8508c0
378,Álvaro Odriozola,es ESP,DF,Real Madrid,22,1995,13.1,30,2.29,21,0,4,0,5,0,5,0.38,3,0,0,0,2,0,Matches,1d1691ad
379,Dani Ojeda,es ESP,MFDF,Leganés,23,1994,2.1,4,1.87,3,0,1,0,0,0,0,0.00,0,0,0,0,0,0,Matches,375a669e
380,Lucas Olaza,uy URU,DF,Celta Vigo,24,1994,10.0,13,1.30,11,1,1,0,0,0,3,0.30,2,1,0,0,0,0,Matches,4cee5954
381,Oier Olazábal,es ESP,GK,Levante,28,1989,21.0,1,0.05,1,0,0,0,0,0,0,0.00,0,0,0,0,0,0,Matches,b5bdf144
382,Kiko Olivas,es ESP,DF,Valladolid,29,1988,34.4,10,0.29,10,0,0,0,0,0,0,0.00,0,0,0,0,0,0,Matches,72b07a9c
383,Paulo Oliveira,pt POR,DF,Eibar,26,1992,24.9,4,0.16,4,0,0,0,0,0,1,0.04,1,0,0,0,0,0,Matches,a8fbae1d
384,Mathías Olivera,uy URU,DFMF,Getafe,20,1997,11.2,15,1.34,9,0,2,0,3,1,2,0.18,1,0,0,0,1,0,Matches,41c12f75
385,Kenneth Omeruo,ng NGA,DF,Leganés,24,1993,27.0,7,0.26,6,0,1,0,0,0,0,0.00,0,0,0,0,0,0,Matches,0f0aa5b4
386,Fabián Orellana,cl CHI,MFFW,Eibar,32,1986,30.4,121,3.98,71,11,23,4,11,1,10,0.33,7,2,1,0,0,0,Matches,c90977db
387,Mikel Oyarzabal,es ESP,FWMF,Real Sociedad,21,1997,35.0,96,2.74,67,8,10,4,6,1,17,0.49,9,2,2,2,2,0,Matches,8c3c640c
388,Fernando Pacheco,es ESP,GK,Alavés,26,1992,35.0,4,0.11,3,1,0,0,0,0,0,0.00,0,0,0,0,0,0,Matches,97852360
389,Rubén Pardo,es ESP,MFFW,Real Sociedad,25,1992,15.2,58,3.82,35,17,3,2,1,0,4,0.26,2,2,0,0,0,0,Matches,2306bfde
390,Daniel Parejo,es ESP,MF,Valencia,29,1989,34.0,137,4.03,75,52,2,4,2,2,14,0.41,10,4,0,0,0,0,Matches,7460ca0d
391,Thomas Partey,gh GHA,MF,Atlético Madrid,25,1993,23.0,51,2.22,36,7,3,1,4,0,9,0.39,5,1,2,0,1,0,Matches,529f49ab
392,Gabriel Paulista,br BRA,DF,Valencia,27,1990,29.1,14,0.48,13,0,0,1,0,0,3,0.10,2,0,0,1,0,0,Matches,b7ca5c51
393,Alfonso Pedraza,es ESP,DFFW,Villarreal,22,1996,23.3,44,1.89,36,1,4,2,0,1,7,0.30,5,0,1,1,0,0,Matches,63f04c6c
394,Pedrosa,es ESP,DF,Espanyol,20,1998,8.5,8,0.94,7,1,0,0,0,0,0,0.00,0,0,0,0,0,0,Matches,112521d1
395,Rubén Peña,es ESP,DF,Eibar,27,1991,29.7,77,2.59,59,5,8,2,2,1,6,0.20,5,0,1,0,0,0,Matches,1f079188
396,Carles Pérez,es ESP,FW,Barcelona,20,1998,0.2,0,0.00,0,0,0,0,0,0,0,0.00,0,0,0,0,0,0,Matches,a8f21b9f
397,Hernán Pérez,py PAR,FWMF,Espanyol,29,1989,8.8,28,3.17,22,0,4,2,0,0,2,0.23,2,0,0,0,0,0,Matches,e1cea3f7
398,Rubén Pérez,es ESP,MF,Leganés,29,1989,27.5,40,1.46,34,3,2,0,1,0,5,0.18,4,0,1,0,0,0,Matches,3c7bc9bd
399,Pablo Piatti,ar ARG,FWMF,Espanyol,29,1989,8.3,32,3.88,19,3,2,1,5,2,0,0.00,0,0,0,0,0,0,Matches,48e89655
400,Cristiano Piccini,it ITA,DF,Valencia,25,1992,20.8,24,1.16,17,1,3,1,2,0,1,0.05,1,0,0,0,0,0,Matches,32c0491f
401,Tomás Pina Isla,es ESP,MF,Alavés,30,1987,26.0,45,1.73,37,2,1,0,5,0,2,0.08,1,0,0,0,1,0,Matches,e54bd0a2
402,Gerard Piqué,es ESP,DF,Barcelona,31,1987,35.0,25,0.71,17,0,2,4,1,1,6,0.17,2,0,1,2,1,0,Matches,adfc9123
403,Carles Planas,es ESP,DFMF,Girona,27,1991,4.7,6,1.29,6,0,0,0,0,0,2,0.43,2,0,0,0,0,0,Matches,72b92c4e
404,Óscar Plano,es ESP,MFFW,Valladolid,27,1991,29.9,68,2.27,49,5,3,3,6,2,8,0.27,6,1,0,0,1,0,Matches,7c388b20
405,Stiven Plaza,ec ECU,FWMF,Valladolid,19,1999,0.4,1,2.37,0,0,0,0,1,0,0,0.00,0,0,0,0,0,0,Matches,f4b7f2ec
406,Pere Pons,es ESP,MF,Girona,25,1993,31.0,39,1.26,30,1,2,3,3,0,3,0.10,3,0,0,0,0,0,Matches,29b61deb
407,Pedro Porro,es ESP,DFMF,Girona,18,1999,24.6,42,1.71,35,1,2,2,2,0,7,0.28,7,0,0,0,0,0,Matches,27d0a506
408,Francisco Portillo,es ESP,MFFW,Getafe,28,1990,22.2,61,2.75,51,2,3,0,4,1,11,0.50,9,0,1,0,1,0,Matches,8e010ff4
409,Portu,es ESP,FWMF,Girona,26,1992,31.3,71,2.27,51,0,6,5,7,2,8,0.26,6,0,0,1,0,1,Matches,1bda5842
410,Sergio Postigo,es ESP,DF,Levante,29,1988,16.1,8,0.50,8,0,0,0,0,0,1,0.06,1,0,0,0,0,0,Matches,474ecac8
411,José Pozo,es ESP,MFFW,Rayo Vallecano,22,1996,18.0,65,3.62,52,0,6,2,5,0,3,0.17,1,0,0,1,1,0,Matches,fc8b614b
412,Sanjin Prcić,ba BIH,MF,Levante,24,1993,5.9,7,1.18,5,0,1,0,0,1,0,0.00,0,0,0,0,0,0,Matches,51c30111
413,Quincy Promes,nl NED,DFMF,Sevilla,26,1992,17.6,53,3.01,45,2,2,3,1,0,10,0.57,7,0,0,2,1,0,Matches,b182a240
414,Javi Puado,es ESP,FWMF,Espanyol,20,1998,4.0,9,2.26,5,0,2,0,1,1,2,0.50,0,0,0,0,1,1,Matches,2683eda7
415,Riqui Puig,es ESP,MF,Barcelona,18,1999,1.7,3,1.73,3,0,0,0,0,0,0,0.00,0,0,0,0,0,0,Matches,f090a37a
416,Jorge Pulido,es ESP,DF,Huesca,27,1991,30.9,28,0.90,22,3,0,2,0,1,4,0.13,4,0,0,0,0,0,Matches,978cd030
417,Xavi Quintillà,es ESP,DF,Villarreal,21,1996,7.0,5,0.72,4,1,0,0,0,0,0,0.00,0,0,0,0,0,0,Matches,84fb6aff
418,Dani Raba,es ESP,MF,Villarreal,22,1995,2.1,6,2.83,4,2,0,0,0,0,1,0.47,0,1,0,0,0,0,Matches,ea6a7ab4
419,Rafinha,br BRA,FWMF,Barcelona,25,1993,2.5,3,1.21,3,0,0,0,0,0,0,0.00,0,0,0,0,0,0,Matches,0c2ac3cb
420,Ivan Rakitić,hr CRO,MF,Barcelona,30,1988,29.4,52,1.77,47,1,1,1,1,1,11,0.37,11,0,0,0,0,0,Matches,89f951b5
421,Jonás Ramalho,es ESP,DF,Girona,25,1993,18.0,11,0.61,6,1,0,0,3,1,2,0.11,0,0,0,0,2,0,Matches,be3a0121
422,Sandro Ramírez,es ESP,FWMF,Real Sociedad,23,1995,11.7,35,2.99,22,5,4,2,2,0,0,0.00,0,0,0,0,0,0,Matches,833fb62e
423,Iván Ramis,es ESP,DF,Eibar,33,1984,18.6,6,0.32,4,0,0,0,1,1,1,0.05,0,0,0,0,1,0,Matches,d2be40f2
424,Chris Ramos,es ESP,FW,Valladolid,21,1997,0.7,0,0.00,0,0,0,0,0,0,0,0.00,0,0,0,0,0,0,Matches,44e07fac
425,Sergio Ramos,es ESP,DF,Real Madrid,32,1986,27.5,28,1.02,22,1,2,2,1,0,5,0.18,4,0,0,1,0,0,Matches,08511d65
426,Recio,es ESP,MF,Leganés,27,1991,14.3,18,1.26,13,1,0,0,3,1,1,0.07,1,0,0,0,0,0,Matches,54073b28
427,Sergio Reguilón,es ESP,DF,Real Madrid,21,1996,12.4,29,2.33,26,0,2,1,0,0,2,0.16,2,0,0,0,0,0,Matches,3353737a
428,Diego Reyes,mx MEX,DF,Leganés,25,1992,3.6,1,0.28,1,0,0,0,0,0,0,0.00,0,0,0,0,0,0,Matches,d4f46475
429,Mikel Rico,es ESP,MF,Athletic Club,33,1984,2.7,3,1.12,1,1,0,1,0,0,0,0.00,0,0,0,0,0,0,Matches,def69cd0
430,Asier Riesgo,es ESP,GK,Eibar,34,1983,14.0,2,0.14,1,1,0,0,0,0,0,0.00,0,0,0,0,0,0,Matches,581c5276
431,Cristian Rivera,es ESP,MF,Huesca,21,1997,18.8,32,1.70,26,1,2,1,1,1,0,0.00,0,0,0,0,0,0,Matches,8ef81d2d
432,Rober,es ESP,DF,Levante,23,1995,31.7,18,0.57,14,0,1,2,0,1,0,0.00,0,0,0,0,0,0,Matches,c00097d2
433,Sergi Roberto,es ESP,DFMF,Barcelona,26,1992,23.2,46,1.98,41,2,0,1,2,0,10,0.43,9,1,0,0,0,0,Matches,335fa267
434,Patrick Roberts,eng ENG,FW,Girona,21,1997,6.7,21,3.14,11,2,7,1,0,0,3,0.45,2,0,0,1,0,0,Matches,59d93937
435,Joel Robles,es ESP,GK,Betis,28,1990,5.0,0,0.00,0,0,0,0,0,0,0,0.00,0,0,0,0,0,0,Matches,cda0b317
436,Marc Roca,es ESP,MF,Espanyol,21,1996,34.6,55,1.59,46,2,1,3,1,2,3,0.09,3,0,0,0,0,0,Matches,da27e268
437,Rubén Rochina,es ESP,MF,Levante,27,1991,20.0,69,3.45,37,12,6,5,6,3,10,0.50,5,3,1,1,0,0,Matches,ecd8c01e
438,Rodri,es ESP,MF,Atlético Madrid,22,1996,30.4,40,1.32,36,1,1,2,0,0,2,0.07,2,0,0,0,0,0,Matches,6434f10d
439,Rodrigo,es ESP,FW,Valencia,27,1991,28.1,74,2.63,53,1,10,3,7,0,15,0.53,12,1,2,0,0,0,Matches,1fb1c435
440,Kévin Rodrigues,pt POR,DF,Real Sociedad,24,1994,5.4,12,2.23,9,0,1,0,2,0,1,0.19,0,0,0,0,1,0,Matches,f1bed920
441,Ángel Rodríguez,es ESP,FW,Getafe,31,1987,20.2,42,2.08,23,0,4,7,6,2,7,0.35,4,0,2,0,1,0,Matches,8cfc2f69
442,Óscar Rodríguez Arnaiz,es ESP,MFFW,Leganés,20,1998,27.8,77,2.77,41,23,8,4,1,0,9,0.32,3,3,1,2,0,0,Matches,19709006
443,Marko Rog,hr CRO,MF,Sevilla,23,1995,4.0,9,2.27,7,0,0,0,2,0,0,0.00,0,0,0,0,0,0,Matches,b6b2b820
444,Diego Rolán,uy URU,MFDF,Leganés,25,1993,2.4,8,3.35,5,0,0,2,1,0,0,0.00,0,0,0,0,0,0,Matches,d1491e00
445,Diego Rolán,uy URU,FWMF,Alavés,25,1993,3.3,7,2.11,4,0,0,1,2,0,1,0.30,0,0,0,1,0,0,Matches,d1491e00
446,Facundo Roncaglia,ar ARG,DF,Valencia,31,1987,6.7,2,0.30,2,0,0,0,0,0,0,0.00,0,0,0,0,0,0,Matches,51e3954c
447,Facundo Roncaglia,ar ARG,DF,Celta Vigo,31,1987,11.9,5,0.42,2,2,0,0,1,0,0,0.00,0,0,0,0,0,0,Matches,51e3954c
448,Roberto Rosales,ve VEN,DF,Espanyol,29,1988,19.4,30,1.54,25,2,0,2,0,1,4,0.21,4,0,0,0,0,0,Matches,81069528
449,Waldo Rubio,es ESP,MFFW,Valladolid,22,1995,5.5,13,2.38,10,1,2,0,0,0,1,0.18,1,0,0,0,0,0,Matches,ccaa5728
450,Abel Ruiz,es ESP,FW,Barcelona,18,2000,0.2,1,4.09,1,0,0,0,0,0,0,0.00,0,0,0,0,0,0,Matches,6cbf8d0d
451,Víctor Ruiz,es ESP,DF,Villarreal,29,1989,21.9,18,0.82,16,1,0,1,0,0,3,0.14,2,0,0,1,0,0,Matches,b3dc6eca
452,Gerónimo Rulli,ar ARG,GK,Real Sociedad,26,1992,27.0,3,0.11,0,3,0,0,0,0,0,0.00,0,0,0,0,0,0,Matches,625c144a
453,Samuel Sáiz,es ESP,MFFW,Getafe,27,1991,3.4,8,2.36,4,2,1,0,1,0,0,0.00,0,0,0,0,0,0,Matches,13e0eb29
454,Mikel San José,es ESP,MF,Athletic Club,29,1989,19.3,23,1.19,18,0,1,2,1,1,2,0.10,1,0,0,1,0,0,Matches,003a5c72
455,Antonio Sanabria,py PAR,FW,Betis,22,1996,9.0,6,0.67,3,0,2,0,1,0,1,0.11,0,0,0,0,1,0,Matches,0a447501
456,Javi Sánchez,es ESP,DF,Real Madrid,21,1997,0.5,0,0.00,0,0,0,0,0,0,0,0.00,0,0,0,0,0,0,Matches,60359288
457,Víctor Sánchez,es ESP,MF,Espanyol,30,1987,14.1,23,1.64,20,2,0,0,1,0,2,0.14,2,0,0,0,0,0,Matches,ad4d0985
458,Luca Sangalli,es ESP,MFFW,Real Sociedad,23,1995,11.1,25,2.25,17,0,2,1,4,1,4,0.36,3,0,0,0,1,0,Matches,7958dc65
459,Nicola Sansone,it ITA,MFFW,Villarreal,26,1991,0.4,1,2.43,1,0,0,0,0,0,1,2.43,1,0,0,0,0,0,Matches,7eb97a8e
460,Roberto Santamaría,es ESP,GK,Huesca,33,1985,20.0,3,0.15,1,2,0,0,0,0,1,0.05,1,0,0,0,0,0,Matches,bca21ef3
461,Michael Santos,uy URU,FWMF,Leganés,25,1993,6.2,17,2.75,12,0,1,1,2,1,4,0.65,4,0,0,0,0,0,Matches,3cb6f224
462,Pablo Sarabia,es ESP,MFFW,Sevilla,26,1992,30.3,134,4.43,105,15,6,3,5,0,20,0.66,18,1,1,0,0,0,Matches,9744ff80
463,Lluís Sastre,es ESP,MF,Huesca,32,1986,1.3,2,1.50,2,0,0,0,0,0,0,0.00,0,0,0,0,0,0,Matches,5f186f5c
464,Stefan Savić,me MNE,DF,Atlético Madrid,27,1991,15.5,5,0.32,2,0,0,2,1,0,2,0.13,1,0,0,1,0,0,Matches,f6ac68c1
465,Alfa Semedo,gw GNB,MF,Espanyol,20,1997,0.5,1,2.00,1,0,0,0,0,0,0,0.00,0,0,0,0,0,0,Matches,07750704
466,Nélson Semedo,pt POR,DF,Barcelona,24,1993,17.8,17,0.96,13,1,1,0,2,0,2,0.11,0,0,0,0,2,0,Matches,d04b94db
467,Rúben Semedo,pt POR,DF,Huesca,24,1994,9.4,3,0.32,2,0,0,1,0,0,0,0.00,0,0,0,0,0,0,Matches,c904f3d5
468,Paik Seung-ho,kr KOR,FWMF,Girona,21,1997,0.7,1,1.50,0,0,0,0,1,0,0,0.00,0,0,0,0,0,0,Matches,1e1bea09
469,Gaku Shibasaki,jp JPN,MFFW,Getafe,26,1992,4.3,7,1.62,3,2,0,1,0,1,1,0.23,0,0,0,1,0,0,Matches,d2ac648c
470,Sidnei,br BRA,DF,Betis,28,1989,19.4,10,0.52,8,0,2,0,0,0,1,0.05,0,0,1,0,0,0,Matches,b14d0c5d
471,André Silva,pt POR,FW,Sevilla,22,1995,24.0,60,2.50,45,0,6,2,5,2,6,0.25,3,0,0,1,2,0,Matches,3effaa34
472,Jonathan Silva,ar ARG,DF,Leganés,24,1994,30.0,75,2.50,45,21,3,3,2,1,9,0.30,7,2,0,0,0,0,Matches,f2308b33
473,Moses Simon,ng NGA,DFMF,Levante,23,1995,8.7,13,1.49,8,1,2,1,0,1,1,0.11,1,0,0,0,0,0,Matches,5f3eaaf5
474,Unai Simón,es ESP,GK,Athletic Club,21,1997,7.0,0,0.00,0,0,0,0,0,0,0,0.00,0,0,0,0,0,0,Matches,5dcf3e90
475,Dimitris Siovas,gr GRE,DF,Leganés,29,1988,32.9,23,0.70,21,1,0,0,1,0,1,0.03,1,0,0,0,0,0,Matches,92d38e6c
476,Pione Sisto,dk DEN,FWMF,Celta Vigo,23,1995,9.4,31,3.31,23,4,1,1,2,0,3,0.32,2,0,1,0,0,0,Matches,fd9c4805
477,Antonio Sivera,es ESP,GK,Alavés,21,1996,3.0,1,0.33,1,0,0,0,0,0,0,0.00,0,0,0,0,0,0,Matches,9970da54
478,Rubén Sobrino,es ESP,FWMF,Alavés,26,1992,10.7,19,1.77,13,0,2,2,2,0,2,0.19,1,0,0,1,0,0,Matches,19b776e9
479,Rubén Sobrino,es ESP,FWMF,Valencia,26,1992,2.1,3,1.40,3,0,0,0,0,0,0,0.00,0,0,0,0,0,0,Matches,19b776e9
480,Alex Sola,es ESP,DF,Real Sociedad,19,1999,1.0,6,6.00,4,1,0,0,1,0,1,1.00,1,0,0,0,0,0,Matches,5fa714d5
481,Andrés Solano,co COL,DF,Atlético Madrid,20,1998,0.5,0,0.00,0,0,0,0,0,0,0,0.00,0,0,0,0,0,0,Matches,c8764028
482,Carlos Soler,es ESP,MF,Valencia,21,1997,27.3,60,2.20,42,3,6,3,6,0,9,0.33,5,1,0,1,2,0,Matches,fed17f5a
483,Kévin Soni,cm CMR,FWDF,Girona,20,1998,0.9,5,5.49,4,0,1,0,0,0,0,0.00,0,0,0,0,0,0,Matches,6435143e
484,David Soria,es ESP,GK,Getafe,25,1993,37.0,5,0.14,4,1,0,0,0,0,0,0.00,0,0,0,0,0,0,Matches,8f8c6934
485,Juan Soriano,es ESP,GK,Sevilla,20,1997,4.0,0,0.00,0,0,0,0,0,0,0,0.00,0,0,0,0,0,0,Matches,5512b1a9
486,Cristhian Stuani,uy URU,FW,Girona,31,1986,30.3,48,1.58,23,1,6,4,14,0,8,0.26,4,0,1,0,3,0,Matches,220c11f1
487,Damián Suárez,uy URU,DF,Getafe,30,1988,36.0,95,2.64,37,52,2,1,1,2,7,0.19,3,4,0,0,0,0,Matches,ba5004e1
488,Denis Suárez,es ESP,MF,Barcelona,24,1994,0.2,3,14.21,2,0,0,0,1,0,0,0.00,0,0,0,0,0,0,Matches,12c50af5
489,Leonardo Suárez,ar ARG,FWMF,Valladolid,22,1996,5.7,14,2.44,10,0,1,1,2,0,3,0.52,2,0,0,0,1,0,Matches,25c72b36
490,Luis Suárez,uy URU,FW,Barcelona,31,1987,31.4,128,4.07,87,0,13,7,18,3,27,0.86,16,0,4,1,5,1,Matches,a6154613
491,Mario Suárez,es ESP,MF,Rayo Vallecano,31,1987,11.4,22,1.93,20,1,0,0,0,1,1,0.09,1,0,0,0,0,0,Matches,7106f0a0
492,Markel Susaeta,es ESP,FW,Athletic Club,30,1987,15.3,54,3.52,27,17,4,1,5,0,5,0.33,2,1,0,0,2,0,Matches,6fd1ba62
493,Rodrigo Tarín,es ESP,DF,Leganés,22,1996,15.9,7,0.44,5,1,0,1,0,0,2,0.13,0,1,0,1,0,0,Matches,a03c82b2
494,Cristian Tello,es ESP,DFMF,Betis,26,1991,17.5,46,2.63,37,2,3,2,2,0,10,0.57,6,0,1,2,1,0,Matches,72a99e38
495,Marc-André ter Stegen,de GER,GK,Barcelona,26,1992,35.0,3,0.09,3,0,0,0,0,0,1,0.03,1,0,0,0,0,0,Matches,6f51e382
496,David Timor,es ESP,MFFW,Girona,28,1989,1.8,3,1.66,3,0,0,0,0,0,0,0.00,0,0,0,0,0,0,Matches,174651c8
497,Tito,es ESP,DF,Rayo Vallecano,33,1985,12.2,13,1.07,9,3,0,0,0,1,1,0.08,0,1,0,0,0,0,Matches,7cefa219
498,Jean-Clair Todibo,fr FRA,DF,Barcelona,18,1999,1.7,0,0.00,0,0,0,0,0,0,0,0.00,0,0,0,0,0,0,Matches,88f130ed
499,Karl Toko Ekambi,cm CMR,FW,Villarreal,25,1992,23.8,57,2.39,36,0,12,3,6,0,5,0.21,1,0,2,1,1,0,Matches,5ceba7fc
500,Raúl de Tomás,es ESP,FW,Rayo Vallecano,23,1994,31.3,59,1.89,27,1,9,15,4,3,6,0.19,3,0,0,3,0,0,Matches,02ef8778
501,Toño,es ESP,DFMF,Levante,28,1989,19.6,30,1.53,23,1,3,1,1,1,3,0.15,3,0,0,0,0,0,Matches,d4ef9ac5
502,Daniel Torres,co COL,MF,Alavés,28,1989,0.8,0,0.00,0,0,0,0,0,0,0,0.00,0,0,0,0,0,0,Matches,87882adc
503,Ferrán Torres,es ESP,MFFW,Valencia,18,2000,9.4,24,2.54,23,0,0,1,0,0,4,0.42,4,0,0,0,0,0,Matches,9e1035f8
504,Óscar Trejo,ar ARG,MFFW,Rayo Vallecano,30,1988,19.6,59,3.01,45,0,7,2,2,3,6,0.31,4,0,0,2,0,0,Matches,fc647b34
505,Manu Trigueros,es ESP,MF,Villarreal,26,1991,17.2,36,2.09,27,3,0,1,2,3,1,0.06,1,0,0,0,0,0,Matches,963829d0
506,Patrick Twumasi,gh GHA,MFFW,Alavés,24,1994,1.9,6,3.18,5,1,0,0,0,0,2,1.06,2,0,0,0,0,0,Matches,e3993b65
507,Samuel Umtiti,fr FRA,DF,Barcelona,24,1993,13.2,7,0.53,7,0,0,0,0,0,2,0.15,2,0,0,0,0,0,Matches,3eed9821
508,Enes Ünal,tr TUR,FW,Valladolid,21,1997,23.9,39,1.63,30,0,2,1,5,1,6,0.25,3,0,1,0,2,0,Matches,f8eca1b6
509,Tomáš Vaclík,cz CZE,GK,Sevilla,29,1989,33.0,4,0.12,2,2,0,0,0,0,0,0.00,0,0,0,0,0,0,Matches,7b456af7
510,Valery,es ESP,DFMF,Girona,18,1999,9.9,17,1.72,13,1,1,0,2,0,1,0.10,1,0,0,0,0,0,Matches,4acd733a
511,Jesús Vallejo,es ESP,DFMF,Real Madrid,21,1997,3.5,0,0.00,0,0,0,0,0,0,0,0.00,0,0,0,0,0,0,Matches,c2111b45
512,Federico Valverde,uy URU,MF,Real Madrid,20,1998,7.3,20,2.74,18,1,0,0,0,1,1,0.14,1,0,0,0,0,0,Matches,0959c2a2
513,Raphaël Varane,fr FRA,DF,Real Madrid,25,1993,30.6,9,0.29,7,0,0,2,0,0,1,0.03,1,0,0,0,0,0,Matches,9f8e9423
514,Franco Vázquez,ar ARG,MFFW,Sevilla,29,1989,25.3,65,2.57,50,1,5,1,7,1,9,0.36,7,1,1,0,0,0,Matches,467bae22
515,Kevin Vázquez,es ESP,DF,Celta Vigo,25,1993,2.4,3,1.23,3,0,0,0,0,0,1,0.41,1,0,0,0,0,0,Matches,ee923664
516,Lucas Vázquez,es ESP,FW,Real Madrid,27,1991,16.8,54,3.22,48,1,2,1,1,1,4,0.24,4,0,0,0,0,0,Matches,fd51b456
517,Koke Vegas,es ESP,GK,Levante,22,1995,1.0,0,0.00,0,0,0,0,0,0,0,0.00,0,0,0,0,0,0,Matches,bfb15d99
518,Emiliano Velázquez,uy URU,DF,Rayo Vallecano,24,1994,14.2,17,1.20,13,0,1,3,0,0,2,0.14,2,0,0,0,0,0,Matches,5efb80d5
519,Daniele Verde,it ITA,FWMF,Valladolid,22,1996,7.3,23,3.15,10,8,2,2,1,0,1,0.14,1,0,0,0,0,0,Matches,d3298c99
520,Thomas Vermaelen,be BEL,DF,Barcelona,32,1985,6.5,0,0.00,0,0,0,0,0,0,0,0.00,0,0,0,0,0,0,Matches,d0d79694
521,Mikel Vesga,es ESP,MF,Leganés,25,1993,23.0,39,1.70,30,0,1,0,4,4,2,0.09,2,0,0,0,0,0,Matches,b0fce72c
522,Rúben Vezo,pt POR,DF,Valencia,24,1994,2.2,3,1.38,3,0,0,0,0,0,0,0.00,0,0,0,0,0,0,Matches,c67cd65c
523,Rúben Vezo,pt POR,DF,Levante,24,1994,14.9,6,0.40,5,0,1,0,0,0,1,0.07,1,0,0,0,0,0,Matches,c67cd65c
524,Aleix Vidal,es ESP,DFMF,Sevilla,28,1989,5.9,21,3.58,15,3,1,1,1,0,2,0.34,2,0,0,0,0,0,Matches,04965583
525,Arturo Vidal,cl CHI,MF,Barcelona,31,1987,21.4,47,2.19,40,0,1,1,4,1,12,0.56,10,0,1,0,1,0,Matches,67cdbc0e
526,Carlos Vigaray,es ESP,DF,Alavés,23,1994,7.2,8,1.11,6,2,0,0,0,0,0,0.00,0,0,0,0,0,0,Matches,f69d934e
527,Dídac Vilà,es ESP,DF,Espanyol,29,1989,26.2,38,1.45,27,4,1,4,2,0,3,0.11,2,0,0,1,0,0,Matches,bad38a94
528,Toni Villa,es ESP,MFFW,Valladolid,23,1995,19.6,61,3.12,44,0,6,4,5,2,3,0.15,1,0,0,1,1,0,Matches,636eae97
529,Vitolo,es ESP,MFFW,Atlético Madrid,28,1989,8.4,23,2.75,15,0,3,0,4,1,3,0.36,2,0,0,0,1,0,Matches,db750822
530,Nikola Vukčević,me MNE,MF,Levante,26,1991,7.4,5,0.67,5,0,0,0,0,0,1,0.13,1,0,0,0,0,0,Matches,4442fbcd
531,Moussa Wagué,sn SEN,DF,Barcelona,19,1998,2.5,8,3.20,5,0,3,0,0,0,0,0.00,0,0,0,0,0,0,Matches,808df563
532,Wakaso,gh GHA,MF,Alavés,28,1990,18.5,27,1.46,17,2,1,3,2,2,2,0.11,2,0,0,0,0,0,Matches,999908af
533,Daniel Wass,dk DEN,DFMF,Valencia,29,1989,26.2,59,2.26,42,6,2,2,5,2,6,0.23,3,0,1,0,2,0,Matches,d83bbc54
534,Axel Werner,ar ARG,GK,Huesca,22,1996,6.0,0,0.00,0,0,0,0,0,0,0,0.00,0,0,0,0,0,0,Matches,c0b1a6da
535,Iñaki Williams,gh GHA,FW,Athletic Club,24,1994,33.6,63,1.87,39,1,13,5,4,1,11,0.33,7,0,3,1,0,0,Matches,6a99e0b1
536,Maximilian Wöber,at AUT,DF,Sevilla,20,1998,6.0,6,1.01,6,0,0,0,0,0,0,0.00,0,0,0,0,0,0,Matches,4b803b3c
537,Yoel,es ESP,GK,Valladolid,29,1988,3.0,0,0.00,0,0,0,0,0,0,0,0.00,0,0,0,0,0,0,Matches,61bb7498
538,Okay Yokuşlu,tr TUR,MF,Celta Vigo,24,1994,24.4,34,1.39,25,2,1,0,3,3,1,0.04,1,0,0,0,0,0,Matches,e49ce451
539,Joseba Zaldúa,es ESP,DF,Real Sociedad,26,1992,23.8,40,1.68,32,2,2,0,3,1,5,0.21,4,0,0,0,0,1,Matches,5ca20b7a
540,Nabil El Zhar,ma MAR,MFFW,Leganés,31,1986,10.7,28,2.61,21,2,2,1,2,0,1,0.09,1,0,0,0,0,0,Matches,37f96552
541,Luca Zidane,fr FRA,GK,Real Madrid,20,1998,1.0,0,0.00,0,0,0,0,0,0,0,0.00,0,0,0,0,0,0,Matches,c818c4d9
542,Igor Zubeldia,es ESP,MF,Real Sociedad,21,1997,28.3,15,0.53,12,0,0,0,0,3,3,0.11,3,0,0,0,0,0,Matches,5c7845f6
543,Martín Zubimendi,es ESP,MF,Real Sociedad,19,1999,0.1,1,12.86,1,0,0,0,0,0,0,0.00,0,0,0,0,0,0,Matches,3ee0dd59
544,David Zurutuza,es ESP,MFFW,Real Sociedad,32,1986,13.6,19,1.40,17,0,0,0,2,0,0,0.00,0,0,0,0,0,0,Matches,d9bda115
