,,,,,,,,,Standard,Standard,Standard,Standard,Standard,Standard,Standard,Standard,Standard,Performance,Performance,Expected,Expected,Expected,Expected,Expected,,-additional
Rk,Player,Nation,Pos,Squad,Age,Born,90s,Gls,Sh,SoT,SoT%,Sh/90,SoT/90,G/Sh,G/SoT,Dist,FK,PK,PKatt,xG,npxG,npxG/Sh,G-xG,np:G-xG,Matches,-9999
1,Antonio Adán,es ESP,GK,Atlético Madrid,31,1987,1.0,0,0,0,,0.00,0.00,,,,0,0,0,0.0,0.0,,0.0,0.0,Matches,65d62814
2,Aday,es ESP,DFMF,Girona,30,1987,7.2,0,9,3,33.3,1.26,0.42,0.00,0.00,28.4,2,0,0,0.2,0.2,0.02,-0.2,-0.2,Matches,5890cef1
3,Aritz Aduriz,es ESP,FW,Athletic Club,37,1981,10.5,2,14,7,50.0,1.34,0.67,0.00,0.00,12.1,0,2,2,3.4,1.8,0.13,-1.4,-1.8,Matches,293211e1
4,Luis Advíncula,pe PER,DF,Rayo Vallecano,28,1990,26.5,1,17,5,29.4,0.64,0.19,0.06,0.20,21.7,0,0,0,0.9,0.9,0.05,+0.1,+0.1,Matches,cacadf4f
5,Martin Agirregabiria,es ESP,DF,Alavés,22,1996,22.6,0,2,0,0.0,0.09,0.00,0.00,,17.9,0,0,0,0.2,0.2,0.08,-0.2,-0.2,Matches,355c883a
6,Juan Aguilera,es ESP,MF,Huesca,32,1985,3.8,0,3,1,33.3,0.78,0.26,0.00,0.00,17.8,0,0,0,0.5,0.5,0.17,-0.5,-0.5,Matches,18dc8533
7,Carlos Akapo,gq EQG,DF,Huesca,25,1993,11.4,0,8,2,25.0,0.70,0.18,0.00,0.00,22.6,0,0,0,0.3,0.3,0.04,-0.3,-0.3,Matches,f2a68b97
8,Sergio Akieme,es ESP,DF,Rayo Vallecano,20,1997,2.0,0,0,0,,0.00,0.00,,,,0,0,0,0.0,0.0,,0.0,0.0,Matches,06efa9dc
9,Jordi Alba,es ESP,DF,Barcelona,29,1989,33.2,2,14,4,28.6,0.42,0.12,0.14,0.50,13.7,0,0,0,1.8,1.8,0.13,+0.2,+0.2,Matches,4601e194
10,Pedro Alcalá,es ESP,DF,Girona,29,1989,20.8,1,15,3,20.0,0.72,0.14,0.07,0.33,16.0,1,0,0,0.9,0.9,0.06,+0.1,+0.1,Matches,ba71d071
11,Rubén Alcaraz,es ESP,MF,Valladolid,27,1991,33.1,3,52,12,23.1,1.57,0.36,0.06,0.25,25.5,11,0,1,3.3,2.5,0.05,-0.3,+0.5,Matches,036bba5f
12,Álex Alegría,es ESP,FWMF,Rayo Vallecano,25,1992,1.6,0,3,2,66.7,1.93,1.29,0.00,0.00,18.4,0,0,0,0.2,0.2,0.08,-0.2,-0.2,Matches,46166b49
13,Iván Alejo,es ESP,MFFW,Getafe,23,1995,1.6,0,1,0,0.0,0.62,0.00,0.00,,23.3,0,0,0,0.1,0.1,0.06,-0.1,-0.1,Matches,3d7e48ce
14,Carles Aleñá,es ESP,MF,Barcelona,20,1998,7.1,2,14,3,21.4,1.98,0.42,0.14,0.67,21.2,0,0,0,1.5,1.5,0.10,+0.5,+0.5,Matches,6c811eb7
15,Alexander,ar ARG,DF,Leganés,29,1988,0.1,0,0,0,,0.00,0.00,,,,0,0,0,0.0,0.0,,0.0,0.0,Matches,3e1858af
16,Júnior Alonso,py PAR,DFMF,Celta Vigo,25,1993,6.0,0,4,2,50.0,0.67,0.34,0.00,0.00,15.4,0,0,0,0.4,0.4,0.09,-0.4,-0.4,Matches,b18a3023
17,Sergio Álvarez,es ESP,GK,Celta Vigo,31,1986,13.0,0,0,0,,0.00,0.00,,,,0,0,0,0.0,0.0,,0.0,0.0,Matches,8875b8c9
18,Sergio Álvarez,es ESP,MFDF,Eibar,26,1992,11.9,0,2,0,0.0,0.17,0.00,0.00,,8.0,0,0,0,0.2,0.2,0.11,-0.2,-0.2,Matches,88d91621
19,Yeray Álvarez,es ESP,DF,Athletic Club,23,1995,29.0,0,10,3,30.0,0.34,0.10,0.00,0.00,8.4,0,0,0,1.4,1.0,0.10,-1.4,-1.0,Matches,3ecc11d8
20,Ibrahim Amadou,fr FRA,MFDF,Sevilla,25,1993,8.5,0,9,3,33.3,1.06,0.35,0.00,0.00,19.0,0,0,0,0.8,0.8,0.09,-0.8,-0.8,Matches,9260926b
21,Jordi Amat,es ESP,DF,Rayo Vallecano,26,1992,30.7,0,7,1,14.3,0.23,0.03,0.00,0.00,7.3,0,0,0,0.7,0.7,0.10,-0.7,-0.7,Matches,d70a2141
22,Amath,sn SEN,MFFW,Getafe,22,1996,11.1,1,14,6,42.9,1.26,0.54,0.07,0.17,17.5,0,0,0,1.6,1.6,0.12,-0.6,-0.6,Matches,f3b1d9a2
23,José Ángel,es ESP,DF,Eibar,28,1989,33.6,1,24,4,16.7,0.71,0.12,0.04,0.25,27.0,4,0,0,0.7,0.7,0.03,+0.3,+0.3,Matches,3024e383
24,Miguel Ángel Moyá,es ESP,GK,Real Sociedad,34,1984,11.0,0,0,0,,0.00,0.00,,,,0,0,0,0.0,0.0,,0.0,0.0,Matches,011d8c56
25,Antoñito,es ESP,DFMF,Valladolid,30,1987,20.7,2,8,2,25.0,0.39,0.10,0.25,1.00,16.1,0,0,0,1.0,1.0,0.12,+1.0,+1.0,Matches,dbe519cf
26,Vitorino Antunes,pt POR,DF,Getafe,31,1987,24.2,1,29,6,20.7,1.20,0.25,0.03,0.17,26.8,4,0,0,0.9,0.9,0.03,+0.1,+0.1,Matches,3e4f735d
27,Anuar,ma MAR,MF,Valladolid,23,1995,12.0,1,10,4,40.0,0.83,0.33,0.10,0.25,11.8,0,0,0,2.7,2.7,0.27,-1.7,-1.7,Matches,c93231dc
28,Emmanuel Apeh,ng NGA,MF,Celta Vigo,21,1996,0.2,0,0,0,,0.00,0.00,,,,0,0,0,0.0,0.0,,0.0,0.0,Matches,a230ebcc
29,Mauro Arambarri,uy URU,MF,Getafe,22,1995,29.7,1,26,9,34.6,0.87,0.30,0.04,0.11,24.5,3,0,0,1.4,1.4,0.05,-0.4,-0.4,Matches,58afe001
30,Guilherme Arana,br BRA,MFDF,Sevilla,21,1997,7.0,0,5,2,40.0,0.72,0.29,0.00,0.00,17.5,0,0,0,0.2,0.2,0.04,-0.2,-0.2,Matches,2b15a82a
31,Néstor Araujo,mx MEX,DF,Celta Vigo,26,1991,29.8,3,12,7,58.3,0.40,0.23,0.25,0.43,9.8,0,0,0,1.6,1.6,0.13,+1.4,+1.4,Matches,27a013f7
32,Anaitz Arbilla,es ESP,DF,Eibar,31,1987,21.7,1,19,1,5.3,0.88,0.05,0.05,1.00,22.9,3,0,0,0.7,0.7,0.04,+0.3,+0.3,Matches,850c0a0d
33,Santiago Arias,co COL,DF,Atlético Madrid,26,1992,19.7,1,9,1,11.1,0.46,0.05,0.11,1.00,17.6,0,0,0,0.4,0.4,0.04,+0.6,+0.6,Matches,fdd60087
34,José Arnaiz,es ESP,DFMF,Leganés,23,1995,1.3,0,1,0,0.0,0.80,0.00,0.00,,16.6,0,0,0,0.1,0.1,0.07,-0.1,-0.1,Matches,46e07328
35,Sergio Asenjo,es ESP,GK,Villarreal,29,1989,32.0,0,0,0,,0.00,0.00,,,,0,0,0,0.0,0.0,,0.0,0.0,Matches,9f0ea33f
36,Marco Asensio,es ESP,FW,Real Madrid,22,1996,19.8,1,45,17,37.8,2.28,0.86,0.02,0.06,17.8,1,0,0,4.3,4.3,0.10,-3.3,-3.3,Matches,45af8a54
37,Iago Aspas,es ESP,FW,Celta Vigo,30,1987,25.0,20,64,26,40.6,2.56,1.04,0.23,0.58,16.3,10,5,5,12.9,9.1,0.14,+7.1,+5.9,Matches,7dcf86f6
38,Ezequiel Ávila,ar ARG,FWMF,Huesca,24,1994,22.2,10,89,23,25.8,4.01,1.04,0.10,0.39,19.4,2,1,1,6.6,5.9,0.07,+3.4,+3.1,Matches,253a06b9
39,Abdoulaye Ba,sn SEN,DF,Rayo Vallecano,27,1991,23.4,1,9,4,44.4,0.38,0.17,0.11,0.25,8.0,0,0,0,1.1,1.1,0.13,-0.1,-0.1,Matches,1f54ed90
40,Carlos Bacca,co COL,FW,Villarreal,31,1986,14.1,6,30,14,46.7,2.13,0.99,0.17,0.36,14.4,0,1,1,5.7,5.0,0.17,+0.3,0.0,Matches,09a9e921
41,Gareth Bale,wls WAL,FW,Real Madrid,29,1989,19.8,8,74,31,41.9,3.73,1.56,0.09,0.23,18.4,10,1,1,8.2,7.4,0.10,-0.2,-0.4,Matches,a58bb1e1
42,Mikel Balenziaga,es ESP,DF,Athletic Club,30,1988,5.8,0,1,0,0.0,0.17,0.00,0.00,,27.0,0,0,0,0.0,0.0,0.01,0.0,0.0,Matches,1fe67e86
43,Éver Banega,ar ARG,MF,Sevilla,30,1988,29.6,3,32,8,25.0,1.08,0.27,0.03,0.13,25.4,7,2,2,3.2,1.7,0.05,-0.2,-0.7,Matches,fa937f7a
44,Léo Baptistão,br BRA,FWMF,Espanyol,25,1992,13.7,2,40,15,37.5,2.92,1.09,0.03,0.07,18.2,0,1,1,4.7,4.0,0.10,-2.7,-3.0,Matches,35f6db55
45,Enis Bardhi,mk MKD,MF,Levante,23,1995,31.5,3,63,18,28.6,2.00,0.57,0.05,0.17,23.9,18,0,0,3.7,3.7,0.06,-0.7,-0.7,Matches,cac2537b
46,Antonio Barragán,es ESP,DFMF,Betis,31,1987,10.4,0,3,0,0.0,0.29,0.00,0.00,,17.7,0,0,0,0.2,0.2,0.07,-0.2,-0.2,Matches,487d9b09
47,Ander Barrenetxea,es ESP,FWMF,Real Sociedad,16,2001,4.4,1,5,2,40.0,1.13,0.45,0.20,0.50,13.0,0,0,0,0.4,0.4,0.07,+0.6,+0.6,Matches,200e89e1
48,Marc Bartra,es ESP,DF,Betis,27,1991,32.5,1,10,4,40.0,0.31,0.12,0.10,0.25,24.4,1,0,0,0.7,0.7,0.07,+0.3,+0.3,Matches,b742cc0d
49,Borja Bastón,es ESP,FW,Alavés,25,1992,16.0,5,34,10,29.4,2.13,0.63,0.15,0.50,10.2,0,0,0,5.7,5.7,0.17,-0.7,-0.7,Matches,8c44e37b
50,Michy Batshuayi,be BEL,FW,Valencia,24,1993,5.9,1,18,7,38.9,3.07,1.20,0.06,0.14,16.3,0,0,0,2.3,2.3,0.13,-1.3,-1.3,Matches,2973d8ff
51,Jon Bautista,es ESP,FWMF,Real Sociedad,23,1995,6.6,1,19,5,26.3,2.86,0.75,0.05,0.20,11.4,0,0,0,2.6,2.6,0.14,-1.6,-1.6,Matches,debc6b55
52,Bebé,cv CPV,FWMF,Rayo Vallecano,28,1990,14.5,1,57,12,21.1,3.94,0.83,0.02,0.08,28.3,2,0,0,1.7,1.7,0.03,-0.7,-0.7,Matches,d8712bf9
53,Bebé,cv CPV,MF,Eibar,28,1990,0.7,0,3,2,66.7,4.35,2.90,0.00,0.00,21.9,0,0,0,0.2,0.2,0.06,-0.2,-0.2,Matches,d8712bf9
54,Fran Beltrán,es ESP,MF,Celta Vigo,19,1999,16.9,1,18,4,22.2,1.07,0.24,0.06,0.25,22.6,0,0,0,0.8,0.8,0.04,+0.2,+0.2,Matches,ed5c5fa3
55,Wissam Ben Yedder,fr FRA,FW,Sevilla,27,1990,31.2,18,73,34,46.6,2.34,1.09,0.22,0.47,11.7,0,2,2,17.3,15.8,0.22,+0.7,+0.2,Matches,942b4f90
56,Karim Benzema,fr FRA,FW,Real Madrid,30,1987,32.8,21,99,41,41.4,3.02,1.25,0.18,0.44,13.5,0,3,3,15.6,13.3,0.13,+5.4,+4.7,Matches,70d74ece
57,Yuri Berchiche,es ESP,DFFW,Athletic Club,28,1990,34.7,2,27,6,22.2,0.78,0.17,0.07,0.33,20.7,0,0,0,1.2,1.2,0.04,+0.8,+0.8,Matches,b6e50615
58,Markel Bergara,es ESP,MF,Getafe,32,1986,0.6,0,0,0,,0.00,0.00,,,,0,0,0,0.0,0.0,,0.0,0.0,Matches,04a65a8f
59,Pedro Bigas,es ESP,DF,Eibar,27,1990,6.5,0,3,0,0.0,0.46,0.00,0.00,,9.5,0,0,0,0.2,0.2,0.06,-0.2,-0.2,Matches,697295b1
60,Alejandro Blanco,es ESP,FWMF,Alavés,19,1998,0.2,0,0,0,,0.00,0.00,,,,0,0,0,0.0,0.0,,0.0,0.0,Matches,c4dce677
61,Rubén Blanco,es ESP,GK,Celta Vigo,23,1995,25.0,0,0,0,,0.00,0.00,,,,0,0,0,0.0,0.0,,0.0,0.0,Matches,967f34d3
62,Pablo de Blasis,ar ARG,DFMF,Eibar,30,1988,16.9,2,12,8,66.7,0.71,0.47,0.17,0.25,18.4,0,0,0,1.1,1.1,0.09,+0.9,+0.9,Matches,9ab48bde
63,Emmanuel Boateng,gh GHA,FW,Levante,22,1996,7.8,1,19,4,21.1,2.45,0.52,0.05,0.25,13.8,0,0,0,1.7,1.7,0.09,-0.7,-0.7,Matches,2e23c66b
64,Kevin-Prince Boateng,gh GHA,FW,Barcelona,31,1987,2.7,0,3,1,33.3,1.13,0.38,0.00,0.00,20.7,0,0,0,0.2,0.2,0.05,-0.2,-0.2,Matches,f4ec4fd0
65,Daniele Bonera,it ITA,DF,Villarreal,37,1981,2.6,0,0,0,,0.00,0.00,,,,0,0,0,0.0,0.0,,0.0,0.0,Matches,13b0c150
66,Ryad Boudebouz,dz ALG,MF,Celta Vigo,28,1990,8.0,1,11,5,45.5,1.38,0.63,0.09,0.20,17.6,0,0,0,1.0,1.0,0.09,0.0,0.0,Matches,1001ae82
67,Ryad Boudebouz,dz ALG,MFFW,Betis,28,1990,6.0,0,10,3,30.0,1.67,0.50,0.00,0.00,21.5,1,0,0,0.6,0.6,0.06,-0.6,-0.6,Matches,1001ae82
68,Sofiane Boufal,ma MAR,MFFW,Celta Vigo,24,1993,23.2,3,50,17,34.0,2.16,0.73,0.06,0.18,18.3,1,0,0,2.7,2.7,0.05,+0.3,+0.3,Matches,b0c71810
69,Yassine Bounou,ma MAR,GK,Girona,27,1991,31.8,0,1,0,0.0,0.03,0.00,0.00,,9.0,0,0,0,0.0,0.0,0.04,0.0,0.0,Matches,f6798fc3
70,Martin Braithwaite,dk DEN,FW,Leganés,27,1991,15.6,4,29,10,34.5,1.86,0.64,0.14,0.40,11.7,0,0,0,3.6,3.6,0.13,+0.4,+0.4,Matches,fd771f95
71,Darko Brašanac,rs SRB,MF,Alavés,26,1992,17.6,0,8,1,12.5,0.46,0.06,0.00,0.00,15.0,0,0,0,0.5,0.5,0.06,-0.5,-0.5,Matches,4accb7e0
72,Rajko Brežančić,rs SRB,DF,Huesca,28,1989,0.7,0,0,0,,0.00,0.00,,,,0,0,0,0.0,0.0,,0.0,0.0,Matches,1519a888
73,Bryan,es ESP,MFFW,Sevilla,17,2001,1.9,1,4,1,25.0,2.16,0.54,0.25,1.00,16.7,0,0,0,0.5,0.5,0.12,+0.5,+0.5,Matches,7b5ab7f2
74,Burgui,es ESP,MFFW,Alavés,24,1993,6.2,1,8,2,25.0,1.30,0.32,0.13,0.50,22.1,0,0,0,0.9,0.9,0.12,+0.1,+0.1,Matches,45e304c8
75,Sergio Busquets,es ESP,MF,Barcelona,30,1988,30.2,0,6,0,0.0,0.20,0.00,0.00,,24.6,0,0,0,0.4,0.4,0.07,-0.4,-0.4,Matches,5ab0ea87
76,Unai Bustinza,es ESP,DF,Leganés,26,1992,22.5,0,5,1,20.0,0.22,0.04,0.00,0.00,21.0,0,0,0,0.2,0.2,0.03,-0.2,-0.2,Matches,f3112790
77,Erick Cabaco,uy URU,DF,Levante,23,1995,18.1,2,10,3,30.0,0.55,0.17,0.20,0.67,11.7,0,0,0,1.1,1.1,0.11,+0.9,+0.9,Matches,e7ab4179
78,Gustavo Cabral,ar ARG,DF,Celta Vigo,32,1985,21.1,0,16,2,12.5,0.76,0.09,0.00,0.00,10.6,0,0,0,1.3,1.3,0.08,-1.3,-1.3,Matches,92b4a127
79,Leandro Cabrera,uy URU,DF,Getafe,27,1991,31.0,2,20,7,35.0,0.64,0.23,0.10,0.29,11.0,0,0,0,2.1,2.1,0.11,-0.1,-0.1,Matches,69cbc8b6
80,Jordi Calavera,es ESP,DF,Eibar,22,1995,0.0,0,0,0,,0.00,0.00,,,,0,0,0,0.0,0.0,,0.0,0.0,Matches,bdef8cdb
81,Fernando Calero,es ESP,DF,Valladolid,22,1995,34.8,1,8,2,25.0,0.23,0.06,0.13,0.50,9.3,0,0,0,0.6,0.6,0.08,+0.4,+0.4,Matches,41b3069f
82,Jonathan Calleri,ar ARG,FW,Alavés,24,1993,31.9,9,73,17,23.3,2.29,0.53,0.10,0.41,14.5,0,2,2,7.3,5.7,0.08,+1.7,+1.3,Matches,6922f806
83,Juanjo Camacho,es ESP,MF,Huesca,37,1980,0.4,0,3,2,66.7,7.30,4.86,0.00,0.00,27.9,0,0,0,0.1,0.1,0.03,-0.1,-0.1,Matches,1a1609ab
84,Sergio Camello,es ESP,FW,Atlético Madrid,17,2001,0.5,1,3,1,33.3,6.00,2.00,0.33,1.00,10.7,0,0,0,0.6,0.6,0.19,+0.4,+0.4,Matches,873619c6
85,José Campaña,es ESP,MF,Levante,25,1993,35.7,4,22,8,36.4,0.62,0.22,0.18,0.50,22.1,2,0,0,1.4,1.4,0.06,+2.6,+2.6,Matches,61220da2
86,Sergio Canales,es ESP,MFFW,Betis,27,1991,29.5,7,63,23,36.5,2.14,0.78,0.08,0.22,22.7,14,2,2,6.7,5.2,0.08,+0.3,-0.2,Matches,a6de370d
87,Ander Capa,es ESP,DF,Athletic Club,26,1992,18.2,0,9,2,22.2,0.49,0.11,0.00,0.00,16.0,0,0,0,0.6,0.6,0.06,-0.6,-0.6,Matches,37f1cf47
88,Marc Cardona,es ESP,FWMF,Eibar,23,1995,6.7,3,17,8,47.1,2.53,1.19,0.18,0.38,11.6,0,0,0,2.8,2.8,0.16,+0.2,+0.2,Matches,b92b456a
89,Daniel Carriço,pt POR,DF,Sevilla,29,1988,23.7,1,8,2,25.0,0.34,0.08,0.13,0.50,10.2,0,0,0,0.7,0.7,0.08,+0.3,+0.3,Matches,e1deea75
90,Guido Carrillo,ar ARG,FW,Leganés,27,1991,22.1,6,58,17,29.3,2.62,0.77,0.09,0.29,10.5,0,1,3,9.0,6.7,0.12,-3.0,-1.7,Matches,8f898ba8
91,Dani Carvajal,es ESP,DF,Real Madrid,26,1992,23.4,1,11,4,36.4,0.47,0.17,0.09,0.25,21.8,0,0,0,0.4,0.4,0.04,+0.6,+0.6,Matches,4958bfb2
92,William Carvalho,pt POR,MF,Betis,26,1992,26.5,0,10,2,20.0,0.38,0.08,0.00,0.00,17.6,0,0,0,0.6,0.6,0.06,-0.6,-0.6,Matches,dee86451
93,Casemiro,br BRA,MF,Real Madrid,26,1992,25.7,3,40,9,22.5,1.56,0.35,0.08,0.33,18.4,1,0,0,1.9,1.9,0.05,+1.1,+1.1,Matches,4d224fe8
94,Santiago Cáseres,ar ARG,MF,Villarreal,21,1997,17.6,0,5,1,20.0,0.28,0.06,0.00,0.00,15.7,0,0,0,0.3,0.3,0.06,-0.3,-0.3,Matches,958bba56
95,Catena,es ESP,DF,Rayo Vallecano,23,1994,2.0,0,2,1,50.0,1.02,0.51,0.00,0.00,11.0,0,0,0,0.1,0.1,0.03,-0.1,-0.1,Matches,274ab13c
96,Santi Cazorla,es ESP,MFFW,Villarreal,33,1984,29.4,4,27,7,25.9,0.92,0.24,0.07,0.29,21.9,4,2,3,4.3,2.0,0.08,-0.3,0.0,Matches,e2e9c250
97,Dani Ceballos,es ESP,MFFW,Real Madrid,21,1996,13.9,3,21,5,23.8,1.51,0.36,0.14,0.60,18.2,1,0,0,2.2,2.2,0.10,+0.8,+0.8,Matches,c0617e2b
98,Charles,br BRA,FW,Eibar,34,1984,19.3,14,59,24,40.7,3.05,1.24,0.14,0.33,14.0,0,6,7,11.6,6.3,0.11,+2.4,+1.7,Matches,c4b8bcf4
99,Chechu,es ESP,DF,Rayo Vallecano,36,1982,1.0,0,0,0,,0.00,0.00,,,,0,0,0,0.0,0.0,,0.0,0.0,Matches,e98f3a6a
100,Chema,es ESP,DF,Levante,26,1992,13.9,2,5,2,40.0,0.36,0.14,0.40,1.00,19.5,0,0,0,0.6,0.6,0.11,+1.4,+1.4,Matches,7f203b54
101,Denis Cheryshev,ru RUS,MFFW,Valencia,27,1990,19.0,2,29,7,24.1,1.53,0.37,0.07,0.29,16.4,0,0,0,3.3,3.3,0.11,-1.3,-1.3,Matches,0ac94a23
102,Leandro Chichizola,ar ARG,GK,Getafe,28,1990,1.0,0,0,0,,0.00,0.00,,,,0,0,0,0.0,0.0,,0.0,0.0,Matches,8d957256
103,Samuel Chukwueze,ng NGA,FWMF,Villarreal,19,1999,19.0,5,58,23,39.7,3.06,1.21,0.09,0.22,17.8,0,0,0,5.3,5.3,0.09,-0.3,-0.3,Matches,b8a642fc
104,Jasper Cillessen,nl NED,GK,Barcelona,29,1989,3.0,0,0,0,,0.00,0.00,,,,0,0,0,0.0,0.0,,0.0,0.0,Matches,04ac8285
105,Coke,es ESP,DF,Levante,31,1987,20.2,4,13,7,53.8,0.64,0.35,0.31,0.57,12.1,0,0,0,1.3,1.3,0.10,+2.7,+2.7,Matches,6d8f8441
106,Álex Collado,es ESP,FW,Barcelona,19,1999,0.9,0,2,0,0.0,2.12,0.00,0.00,,17.6,0,0,0,0.1,0.1,0.06,-0.1,-0.1,Matches,85dace26
107,Santi Comesaña,es ESP,MF,Rayo Vallecano,21,1996,22.6,1,9,2,22.2,0.40,0.09,0.11,0.50,14.9,1,0,0,0.8,0.8,0.09,+0.2,+0.2,Matches,5ae499d0
108,Duje Čop,hr CRO,FW,Valladolid,28,1990,7.6,0,16,6,37.5,2.10,0.79,0.00,0.00,11.5,0,0,0,2.6,2.6,0.16,-2.6,-2.6,Matches,8b0b02c9
109,Francis Coquelin,fr FRA,MF,Valencia,27,1991,19.6,0,10,3,30.0,0.51,0.15,0.00,0.00,18.4,0,0,0,0.4,0.4,0.04,-0.4,-0.4,Matches,a6951bf8
110,Iñigo Córdoba,es ESP,FW,Athletic Club,21,1997,14.7,0,22,8,36.4,1.50,0.55,0.00,0.00,20.0,0,0,0,1.3,1.3,0.06,-1.3,-1.3,Matches,49ea92be
111,Ángel Correa,ar ARG,MFFW,Atlético Madrid,23,1995,21.3,3,32,11,34.4,1.50,0.52,0.09,0.27,21.6,0,0,0,2.2,2.2,0.07,+0.8,+0.8,Matches,01eb744d
112,Diego Costa,es ESP,FW,Atlético Madrid,29,1988,12.4,2,16,10,62.5,1.29,0.81,0.13,0.20,14.1,0,0,0,1.6,1.6,0.10,+0.4,+0.4,Matches,a190d597
113,Jaume Costa,es ESP,DF,Villarreal,30,1988,16.6,1,13,2,15.4,0.78,0.12,0.08,0.50,22.1,0,0,0,0.6,0.6,0.05,+0.4,+0.4,Matches,808d48f3
114,David Costas,es ESP,DF,Celta Vigo,23,1995,13.0,0,2,2,100.0,0.15,0.15,0.00,0.00,8.6,0,0,0,0.1,0.1,0.04,-0.1,-0.1,Matches,545e2f01
115,Thibaut Courtois,be BEL,GK,Real Madrid,26,1992,27.0,0,1,0,0.0,0.04,0.00,0.00,,9.0,0,0,0,0.0,0.0,0.04,0.0,0.0,Matches,1840e36d
116,Philippe Coutinho,br BRA,FWMF,Barcelona,26,1992,22.4,5,67,31,46.3,2.99,1.38,0.07,0.16,19.2,3,0,0,7.2,7.2,0.11,-2.2,-2.2,Matches,0ef89a37
117,Sebastián Cristóforo,uy URU,MFFW,Getafe,24,1993,5.0,0,1,1,100.0,0.20,0.20,0.00,0.00,19.8,0,0,0,0.0,0.0,0.02,0.0,0.0,Matches,3c05c659
118,Cucho,co COL,FW,Huesca,19,1999,23.9,4,79,24,30.4,3.31,1.00,0.03,0.08,15.9,3,2,2,9.9,8.4,0.11,-5.9,-6.4,Matches,71b47ab9
119,Marc Cucurella,es ESP,MFFW,Eibar,20,1998,26.2,1,21,2,9.5,0.80,0.08,0.05,0.50,15.7,0,0,0,1.8,1.8,0.09,-0.8,-0.8,Matches,1daec722
120,Iván Cuéllar,es ESP,GK,Leganés,34,1984,33.9,0,0,0,,0.00,0.00,,,,0,0,0,0.0,0.0,,0.0,0.0,Matches,75751c99
121,Sergi Darder,es ESP,MF,Espanyol,24,1993,30.1,5,55,16,29.1,1.83,0.53,0.09,0.31,22.6,1,0,0,3.5,3.5,0.06,+1.5,+1.5,Matches,070a3904
122,Moisés Delgado,es ESP,DF,Valladolid,24,1994,3.0,0,1,0,0.0,0.33,0.00,0.00,,21.5,0,0,0,0.0,0.0,0.03,0.0,0.0,Matches,248c409d
123,Ousmane Dembélé,fr FRA,FWMF,Barcelona,21,1997,18.5,8,38,16,42.1,2.06,0.87,0.21,0.50,16.4,0,0,0,3.7,3.7,0.10,+4.3,+4.3,Matches,b19db005
124,Franco Di Santo,ar ARG,FWMF,Rayo Vallecano,29,1989,1.9,0,0,0,,0.00,0.00,,,,0,0,0,0.0,0.0,,0.0,0.0,Matches,549c6ba7
125,Mouctar Diakhaby,gn GUI,DF,Valencia,21,1996,17.6,2,12,4,33.3,0.68,0.23,0.17,0.50,7.1,0,0,0,1.7,1.7,0.14,+0.3,+0.3,Matches,d2110326
126,Brahim Díaz,es ESP,FW,Real Madrid,18,1999,4.2,1,7,5,71.4,1.68,1.20,0.14,0.20,11.6,0,0,0,0.6,0.6,0.08,+0.4,+0.4,Matches,407feb71
127,Javier Díaz,es ESP,GK,Sevilla,21,1997,1.0,0,0,0,,0.00,0.00,,,,0,0,0,0.0,0.0,,0.0,0.0,Matches,17a1299d
128,Adrián Diéguez,es ESP,DF,Huesca,22,1996,8.3,0,1,1,100.0,0.12,0.12,0.00,0.00,5.8,0,0,0,0.0,0.0,0.05,0.0,0.0,Matches,70438d35
129,Stole Dimitrievski,mk MKD,GK,Rayo Vallecano,24,1993,21.0,0,0,0,,0.00,0.00,,,,0,0,0,0.0,0.0,,0.0,0.0,Matches,fc70e345
130,Papakouli Diop,sn SEN,MF,Eibar,32,1986,26.1,1,36,6,16.7,1.38,0.23,0.03,0.17,15.7,0,0,0,2.6,2.6,0.07,-1.6,-1.6,Matches,7329018e
131,Djené,tg TOG,DF,Getafe,26,1991,33.1,0,12,1,8.3,0.36,0.03,0.00,0.00,14.7,0,0,0,0.7,0.7,0.06,-0.7,-0.7,Matches,a4971d84
132,Marko Dmitrović,rs SRB,GK,Eibar,26,1992,24.0,0,0,0,,0.00,0.00,,,,0,0,0,0.0,0.0,,0.0,0.0,Matches,ac295d9e
133,Jaume Doménech,es ESP,GK,Valencia,27,1990,4.0,0,0,0,,0.00,0.00,,,,0,0,0,0.0,0.0,,0.0,0.0,Matches,c9cb972b
134,Cheick Doukouré,ci CIV,MF,Levante,25,1992,3.5,0,1,1,100.0,0.28,0.28,0.00,0.00,19.7,0,0,0,0.1,0.1,0.05,-0.1,-0.1,Matches,e208bcc8
135,Seydou Doumbia,ci CIV,FW,Girona,30,1987,6.0,2,15,9,60.0,2.50,1.50,0.13,0.22,9.7,0,0,0,2.7,2.7,0.21,-0.7,-0.7,Matches,c49afee6
136,Óscar Duarte,cr CRC,DFMF,Espanyol,29,1989,7.3,0,2,1,50.0,0.27,0.14,0.00,0.00,21.1,0,0,0,0.1,0.1,0.04,-0.1,-0.1,Matches,aa0ac32d
137,Rubén Duarte,es ESP,DF,Alavés,22,1995,30.8,0,22,7,31.8,0.71,0.23,0.00,0.00,26.7,0,0,0,0.6,0.6,0.03,-0.6,-0.6,Matches,1fe0492d
138,Hugo Duro,es ESP,MFFW,Getafe,18,1999,4.6,0,6,0,0.0,1.29,0.00,0.00,,15.3,0,0,0,0.4,0.4,0.06,-0.4,-0.4,Matches,37e103f8
139,Raphael Dwamena,gh GHA,FW,Levante,22,1995,2.5,0,4,2,50.0,1.62,0.81,0.00,0.00,12.5,0,0,0,0.6,0.6,0.14,-0.6,-0.6,Matches,525f9bf4
140,Dennis Eckert,de GER,FW,Celta Vigo,21,1997,2.4,0,8,3,37.5,3.33,1.25,0.00,0.00,14.5,0,0,0,0.6,0.6,0.07,-0.6,-0.6,Matches,7f8fb807
141,Aritz Elustondo,es ESP,DF,Real Sociedad,24,1994,25.0,1,11,5,45.5,0.44,0.20,0.09,0.20,9.2,0,0,0,1.3,1.3,0.12,-0.3,-0.3,Matches,f7dc2ae5
142,Gorka Elustondo,es ESP,MF,Rayo Vallecano,31,1987,3.2,0,3,0,0.0,0.95,0.00,0.00,,23.2,0,0,0,0.1,0.1,0.02,-0.1,-0.1,Matches,7b309e55
143,Rodrigo Ely,br BRA,DF,Alavés,24,1993,4.8,0,3,1,33.3,0.63,0.21,0.00,0.00,14.9,0,0,0,0.1,0.1,0.02,-0.1,-0.1,Matches,fd47b4f2
144,Adri Embarba,es ESP,FWMF,Rayo Vallecano,26,1992,25.4,5,46,15,32.6,1.81,0.59,0.04,0.13,18.9,6,3,3,6.0,3.7,0.08,-1.0,-1.7,Matches,db8f0eba
145,Emerson,br BRA,DF,Betis,19,1999,3.5,0,3,1,33.3,0.85,0.28,0.00,0.00,18.2,0,0,0,0.2,0.2,0.06,-0.2,-0.2,Matches,df8b52a5
146,Youssef En-Nesyri,ma MAR,FW,Leganés,21,1997,23.4,9,72,23,31.9,3.08,0.98,0.13,0.39,14.6,0,0,0,7.4,7.4,0.10,+1.6,+1.6,Matches,04e17fd5
147,Sergi Enrich,es ESP,FW,Eibar,28,1990,28.7,7,70,17,24.3,2.44,0.59,0.10,0.41,10.4,0,0,0,10.0,10.0,0.14,-3.0,-3.0,Matches,bb4b1242
148,Javier Eraso,es ESP,MFFW,Leganés,28,1990,7.0,0,4,2,50.0,0.57,0.29,0.00,0.00,13.4,0,0,0,1.0,1.0,0.24,-1.0,-1.0,Matches,aec0fb6f
149,Gonzalo Escalante,ar ARG,MF,Eibar,25,1993,19.9,4,22,8,36.4,1.11,0.40,0.18,0.50,16.7,0,0,0,2.1,2.1,0.12,+1.9,+1.9,Matches,3f79a1c8
150,Sergio Escudero,es ESP,DFMF,Sevilla,28,1989,17.2,0,25,3,12.0,1.46,0.17,0.00,0.00,19.7,0,0,0,1.2,1.2,0.05,-1.2,-1.2,Matches,b0616e3d
151,Bernardo Espinosa,co COL,DF,Girona,29,1989,30.3,1,15,7,46.7,0.50,0.23,0.07,0.14,8.5,0,0,0,1.4,1.4,0.09,-0.4,-0.4,Matches,4242011c
152,Beñat Etxebarria,es ESP,MF,Athletic Club,31,1987,22.6,1,16,4,25.0,0.71,0.18,0.06,0.25,27.9,3,0,0,0.5,0.5,0.03,+0.5,+0.5,Matches,b037bd4f
153,Xabier Etxeita,es ESP,DF,Huesca,30,1987,29.7,4,23,8,34.8,0.77,0.27,0.17,0.50,10.0,0,0,0,2.3,2.3,0.10,+1.7,+1.7,Matches,4a895384
154,Zouhair Feddal,ma MAR,DF,Betis,29,1989,18.9,1,17,3,17.6,0.90,0.16,0.06,0.33,9.7,0,0,0,1.6,1.6,0.10,-0.6,-0.6,Matches,89151b16
155,Aitor Fernández,es ESP,GK,Levante,27,1991,16.0,0,0,0,,0.00,0.00,,,,0,0,0,0.0,0.0,,0.0,0.0,Matches,a01c3d54
156,Andrés Fernández,es ESP,GK,Villarreal,31,1986,6.0,0,0,0,,0.00,0.00,,,,0,0,0,0.0,0.0,,0.0,0.0,Matches,307fcd26
157,Borja Fernández,es ESP,MFDF,Valladolid,37,1981,9.3,0,4,0,0.0,0.43,0.00,0.00,,18.6,0,0,0,0.1,0.1,0.03,-0.1,-0.1,Matches,9127f9ce
158,Joaquín Fernández,es ESP,DFMF,Valladolid,22,1996,9.3,1,7,2,28.6,0.75,0.21,0.14,0.50,10.7,0,0,0,0.6,0.6,0.08,+0.4,+0.4,Matches,b86a64b2
159,David Ferreiro,es ESP,FWMF,Huesca,30,1988,25.3,1,37,12,32.4,1.46,0.47,0.03,0.08,19.1,3,0,0,2.7,2.7,0.07,-1.7,-1.7,Matches,8970907e
160,Facundo Ferreyra,ar ARG,FWMF,Espanyol,27,1991,2.3,1,3,1,33.3,1.28,0.43,0.33,1.00,15.2,0,0,0,0.3,0.3,0.10,+0.7,+0.7,Matches,b39a793e
161,Junior Firpo,es ESP,DFMF,Betis,21,1996,21.5,3,19,8,42.1,0.88,0.37,0.16,0.38,12.9,0,0,0,2.0,2.0,0.10,+1.0,+1.0,Matches,24f59bb2
162,Mathieu Flamini,fr FRA,MF,Getafe,34,1984,5.0,0,0,0,,0.00,0.00,,,,0,0,0,0.0,0.0,,0.0,0.0,Matches,148d4105
163,Pablo Fornals,es ESP,MFFW,Villarreal,22,1996,27.5,2,57,16,28.1,2.07,0.58,0.04,0.13,18.5,0,0,0,4.3,4.3,0.08,-2.3,-2.3,Matches,82927de4
164,Dimitri Foulquier,fr FRA,MFFW,Getafe,25,1993,20.0,3,13,4,30.8,0.65,0.20,0.23,0.75,15.0,0,0,0,1.1,1.1,0.09,+1.9,+1.9,Matches,45e17712
165,Javi Fuego,es ESP,MF,Villarreal,34,1984,2.6,0,0,0,,0.00,0.00,,,,0,0,0,0.0,0.0,,0.0,0.0,Matches,2e8fc160
166,Ramiro Funes Mori,ar ARG,DFMF,Villarreal,27,1991,29.2,2,26,6,23.1,0.89,0.21,0.08,0.33,15.6,0,0,0,2.1,2.1,0.08,-0.1,-0.1,Matches,89cbc961
167,Javi Galán,es ESP,DFMF,Huesca,23,1994,16.0,0,1,0,0.0,0.06,0.00,0.00,,18.4,0,0,0,0.1,0.1,0.05,-0.1,-0.1,Matches,a4b00319
168,Álex Gallar,es ESP,MFFW,Huesca,26,1992,11.2,4,26,9,34.6,2.32,0.80,0.12,0.33,20.0,3,1,1,3.4,2.6,0.10,+0.6,+0.4,Matches,36d5469c
169,Enric Gallego,es ESP,FW,Huesca,31,1986,17.1,5,31,11,35.5,1.81,0.64,0.16,0.45,12.1,0,0,0,3.6,3.6,0.12,+1.4,+1.4,Matches,82e9b89d
170,Álex Gálvez,es ESP,DF,Rayo Vallecano,29,1989,15.7,1,7,3,42.9,0.45,0.19,0.14,0.33,6.3,0,0,0,1.1,1.1,0.16,-0.1,-0.1,Matches,960fb42d
171,Kévin Gameiro,fr FRA,FW,Valencia,31,1987,17.9,6,35,14,40.0,1.95,0.78,0.17,0.43,11.9,0,0,0,7.3,7.3,0.21,-1.3,-1.3,Matches,42276181
172,Cristian Ganea,ro ROU,MF,Athletic Club,26,1992,0.5,0,0,0,,0.00,0.00,,,,0,0,0,0.0,0.0,,0.0,0.0,Matches,baf5665c
173,Ezequiel Garay,ar ARG,DF,Valencia,31,1986,23.7,2,13,6,46.2,0.55,0.25,0.15,0.33,9.4,0,0,0,1.5,1.5,0.11,+0.5,+0.5,Matches,ac3fb1be
174,Borja Garcés,es ESP,FW,Atlético Madrid,18,1999,0.2,1,3,1,33.3,13.50,4.50,0.33,1.00,18.4,0,0,0,0.2,0.2,0.08,+0.8,+0.8,Matches,bc39454c
175,Alberto García,es ESP,GK,Rayo Vallecano,33,1985,17.0,0,0,0,,0.00,0.00,,,,0,0,0,0.0,0.0,,0.0,0.0,Matches,17d9e354
176,Aleix García,es ESP,MF,Girona,21,1997,18.5,2,19,5,26.3,1.03,0.27,0.11,0.40,25.2,7,0,0,1.5,1.5,0.08,+0.5,+0.5,Matches,a10361d2
177,Álvaro García,es ESP,FWMF,Rayo Vallecano,25,1992,19.6,4,28,11,39.3,1.43,0.56,0.14,0.36,14.7,0,0,0,4.0,4.0,0.14,0.0,0.0,Matches,90bbd822
178,Borja García,es ESP,FWMF,Girona,27,1990,29.2,1,27,13,48.1,0.92,0.45,0.04,0.08,21.9,0,0,0,1.8,1.8,0.07,-0.8,-0.8,Matches,e7f4603c
179,Dani García,es ESP,MF,Athletic Club,28,1990,27.5,0,2,0,0.0,0.07,0.00,0.00,,29.1,0,0,0,0.0,0.0,0.02,0.0,0.0,Matches,240d3a0b
180,Javi García,es ESP,DFMF,Betis,31,1987,5.8,0,0,0,,0.00,0.00,,,,0,0,0,0.0,0.0,,0.0,0.0,Matches,167c1bb0
181,Manu García,es ESP,MF,Alavés,32,1986,25.9,2,28,5,17.9,1.08,0.19,0.07,0.40,16.1,0,0,0,2.2,2.2,0.08,-0.2,-0.2,Matches,05a4465d
182,Raúl García,es ESP,DF,Leganés,29,1989,4.2,0,2,0,0.0,0.47,0.00,0.00,,31.5,0,0,0,0.0,0.0,0.01,0.0,0.0,Matches,1a317a1b
183,Raúl García,es ESP,DF,Girona,29,1989,9.4,0,5,1,20.0,0.53,0.11,0.00,0.00,20.9,0,0,0,0.2,0.2,0.04,-0.2,-0.2,Matches,1a317a1b
184,Raúl García,es ESP,MFFW,Athletic Club,32,1986,26.3,9,75,32,42.7,2.85,1.22,0.09,0.22,17.6,0,2,4,8.1,4.9,0.07,+0.9,+2.1,Matches,b418dbd4
185,Sergio García,es ESP,FWMF,Espanyol,35,1983,16.5,2,36,10,27.8,2.18,0.61,0.06,0.20,15.1,1,0,0,4.1,4.1,0.12,-2.1,-2.1,Matches,2bee98fd
186,Mario Gaspar,es ESP,DF,Villarreal,27,1990,28.9,1,26,7,26.9,0.90,0.24,0.04,0.14,16.0,0,0,0,1.6,1.6,0.06,-0.6,-0.6,Matches,fb5d47b3
187,Joris Gnagnon,fr FRA,DFMF,Sevilla,21,1997,5.0,0,3,1,33.3,0.61,0.20,0.00,0.00,15.7,0,0,0,0.1,0.1,0.03,-0.1,-0.1,Matches,1232e1dc
188,Diego Godín,uy URU,DF,Atlético Madrid,32,1986,27.9,3,17,8,47.1,0.61,0.29,0.18,0.38,7.6,0,0,0,3.1,3.1,0.18,-0.1,-0.1,Matches,fc4f85b1
189,Ibai Gómez,es ESP,FW,Athletic Club,28,1989,6.4,0,8,3,37.5,1.24,0.47,0.00,0.00,16.8,0,0,0,0.5,0.5,0.06,-0.5,-0.5,Matches,9d2a3d5f
190,Ibai Gómez,es ESP,MFFW,Alavés,28,1989,16.1,3,43,10,23.3,2.67,0.62,0.07,0.30,21.6,5,0,1,3.5,2.7,0.06,-0.5,+0.3,Matches,9d2a3d5f
191,Maxi Gómez,uy URU,FW,Celta Vigo,21,1996,32.9,13,81,28,34.6,2.46,0.85,0.15,0.43,15.7,7,1,1,10.6,9.8,0.12,+2.4,+2.2,Matches,4c2e9442
192,Moi Gómez,es ESP,MF,Huesca,24,1994,33.9,2,25,8,32.0,0.74,0.24,0.08,0.25,22.0,2,0,0,1.8,1.8,0.07,+0.2,+0.2,Matches,5a626448
193,Sergi Gómez,es ESP,DF,Sevilla,26,1992,30.7,0,9,3,33.3,0.29,0.10,0.00,0.00,10.3,0,0,0,0.8,0.8,0.09,-0.8,-0.8,Matches,bc6f5f06
194,Maxime Gonalons,fr FRA,MF,Sevilla,29,1989,6.0,0,2,0,0.0,0.33,0.00,0.00,,16.9,0,0,0,0.1,0.1,0.06,-0.1,-0.1,Matches,b8c1de25
195,Álvaro González,es ESP,DF,Villarreal,28,1990,32.9,1,13,2,15.4,0.39,0.06,0.08,0.50,14.0,0,0,0,1.0,1.0,0.07,0.0,0.0,Matches,42dcf26d
196,Bruno González,es ESP,DF,Getafe,28,1990,18.9,0,6,1,16.7,0.32,0.05,0.00,0.00,8.1,0,0,0,0.5,0.5,0.08,-0.5,-0.5,Matches,f11fe861
197,Cristo González,es ESP,FW,Real Madrid,20,1997,0.5,0,1,0,0.0,2.00,0.00,0.00,,23.0,0,0,0,0.0,0.0,0.05,0.0,0.0,Matches,896b5df2
198,Andoni Gorosabel,es ESP,DF,Real Sociedad,21,1996,5.1,0,2,0,0.0,0.40,0.00,0.00,,20.8,0,0,0,0.1,0.1,0.05,-0.1,-0.1,Matches,6f5f82c0
199,Álex Granell,es ESP,MFDF,Girona,29,1988,26.6,0,40,7,17.5,1.51,0.26,0.00,0.00,29.1,8,0,0,1.1,1.1,0.03,-1.1,-1.1,Matches,a25250f8
200,Esteban Granero,es ESP,MF,Espanyol,31,1987,22.4,3,29,7,24.1,1.30,0.31,0.10,0.43,23.2,13,0,0,2.0,2.0,0.07,+1.0,+1.0,Matches,1b17ed86
201,Antoine Griezmann,fr FRA,FW,Atlético Madrid,27,1991,35.5,15,110,45,40.9,3.10,1.27,0.11,0.27,19.1,16,3,3,13.6,11.4,0.11,+1.4,+0.6,Matches,df69b544
202,Andrés Guardado,mx MEX,MFDF,Betis,31,1986,25.9,0,26,5,19.2,1.00,0.19,0.00,0.00,22.2,2,0,0,1.4,1.4,0.05,-1.4,-1.4,Matches,ef322658
203,Sergi Guardiola,es ESP,FW,Valladolid,27,1991,16.8,3,45,15,33.3,2.68,0.89,0.07,0.20,15.7,0,0,1,4.9,4.1,0.09,-1.9,-1.1,Matches,32974271
204,Sergi Guardiola,es ESP,FWMF,Getafe,27,1991,0.3,0,2,0,0.0,6.00,0.00,0.00,,21.6,0,0,0,0.1,0.1,0.03,-0.1,-0.1,Matches,32974271
205,Gonçalo Guedes,pt POR,MFFW,Valencia,21,1996,16.3,5,35,14,40.0,2.15,0.86,0.14,0.36,20.7,1,0,0,2.1,2.1,0.06,+2.9,+2.9,Matches,e6bc67d7
206,Javi Guerra,es ESP,FWMF,Rayo Vallecano,36,1982,2.6,0,7,0,0.0,2.67,0.00,0.00,,13.0,0,0,0,0.5,0.5,0.07,-0.5,-0.5,Matches,aa386464
207,Francis Guerrero,es ESP,DFMF,Betis,22,1996,19.8,0,10,4,40.0,0.51,0.20,0.00,0.00,18.6,0,0,0,0.4,0.4,0.04,-0.4,-0.4,Matches,59d53e8a
208,Ander Guevara,es ESP,MF,Real Sociedad,21,1997,1.0,0,3,0,0.0,3.00,0.00,0.00,,24.5,0,0,0,0.1,0.1,0.02,-0.1,-0.1,Matches,8e48dc61
209,John Guidetti,se SWE,FW,Alavés,26,1992,7.0,2,10,5,50.0,1.43,0.71,0.20,0.40,11.9,0,0,0,1.9,1.9,0.19,+0.1,+0.1,Matches,99bebd12
210,Gerard Gumbau,es ESP,MF,Leganés,23,1994,13.3,1,18,5,27.8,1.35,0.38,0.00,0.00,26.0,3,1,1,1.6,0.9,0.05,-0.6,-0.9,Matches,ac454a4f
211,Serdar Gürler,tr TUR,FWMF,Huesca,26,1991,5.4,0,6,1,16.7,1.12,0.19,0.00,0.00,14.4,0,0,0,0.3,0.3,0.04,-0.3,-0.3,Matches,8d2ad5c0
212,Gorka Guruzeta,es ESP,FWMF,Athletic Club,21,1996,0.6,0,1,0,0.0,1.80,0.00,0.00,,8.1,0,0,0,0.1,0.1,0.07,-0.1,-0.1,Matches,6b5ea2f4
213,Hacen,mr MTN,FW,Valladolid,20,1997,0.0,0,0,0,,0.00,0.00,,,,0,0,0,0.0,0.0,,0.0,0.0,Matches,7c689c48
214,Munir El Haddadi,ma MAR,FW,Barcelona,22,1995,1.7,1,4,1,25.0,2.37,0.59,0.25,1.00,10.8,0,0,0,0.6,0.6,0.16,+0.4,+0.4,Matches,8696bc90
215,Munir El Haddadi,ma MAR,FWMF,Sevilla,22,1995,11.6,5,32,11,34.4,2.76,0.95,0.16,0.45,15.4,0,0,0,4.0,4.0,0.12,+1.0,+1.0,Matches,8696bc90
216,Uche Henry Agbo,ng NGA,MF,Rayo Vallecano,22,1995,4.1,0,1,0,0.0,0.24,0.00,0.00,,31.1,0,0,0,0.0,0.0,0.02,0.0,0.0,Matches,98554bfd
217,Mario Hermoso,es ESP,DF,Espanyol,23,1995,31.2,3,27,11,40.7,0.87,0.35,0.11,0.27,24.5,7,0,0,1.8,1.8,0.07,+1.2,+1.2,Matches,555f3a0b
218,Lucas Hernández,fr FRA,DF,Atlético Madrid,22,1996,12.4,1,5,1,20.0,0.40,0.08,0.20,1.00,12.8,0,0,0,0.5,0.5,0.10,+0.5,+0.5,Matches,c3ee18ef
219,Theo Hernández,fr FRA,DF,Real Sociedad,20,1997,22.0,1,23,5,21.7,1.05,0.23,0.04,0.20,24.4,0,0,0,0.9,0.9,0.04,+0.1,+0.1,Matches,d4c9725f
220,Yangel Herrera,ve VEN,MFDF,Huesca,20,1998,12.8,0,16,2,12.5,1.25,0.16,0.00,0.00,22.1,1,0,0,0.7,0.7,0.05,-0.7,-0.7,Matches,e778654a
221,Iago Herrerín,es ESP,GK,Athletic Club,30,1988,31.0,0,0,0,,0.00,0.00,,,,0,0,0,0.0,0.0,,0.0,0.0,Matches,9109185e
222,Pablo Hervías,es ESP,MF,Eibar,25,1993,2.0,0,4,1,25.0,2.00,0.50,0.00,0.00,29.3,0,0,0,0.1,0.1,0.04,-0.1,-0.1,Matches,ba5a9545
223,Pablo Hervías,es ESP,MFFW,Valladolid,25,1993,1.8,0,3,1,33.3,1.69,0.56,0.00,0.00,24.0,1,0,0,0.1,0.1,0.03,-0.1,-0.1,Matches,ba5a9545
224,Andrew Hjulsager,dk DEN,MFFW,Celta Vigo,23,1995,4.0,0,2,0,0.0,0.50,0.00,0.00,,21.7,0,0,0,0.1,0.1,0.04,-0.1,-0.1,Matches,2ef16f06
225,Wesley Hoedt,nl NED,DF,Celta Vigo,24,1994,9.9,0,4,1,25.0,0.40,0.10,0.00,0.00,16.4,0,0,0,0.2,0.2,0.04,-0.2,-0.2,Matches,875898c7
226,Robert Ibáñez,es ESP,FWMF,Getafe,25,1993,0.8,0,4,2,50.0,4.74,2.37,0.00,0.00,17.7,0,0,0,0.2,0.2,0.05,-0.2,-0.2,Matches,c7429db3
227,Vicente Iborra,es ESP,MFFW,Villarreal,30,1988,18.5,3,15,5,33.3,0.81,0.27,0.20,0.60,12.1,0,0,0,2.0,2.0,0.13,+1.0,+1.0,Matches,ad1ffcfd
228,Borja Iglesias,es ESP,FW,Espanyol,25,1993,34.2,17,87,35,40.2,2.55,1.02,0.16,0.40,14.3,0,3,3,16.6,14.3,0.17,+0.4,-0.3,Matches,75645f0e
229,Asier Illarramendi,es ESP,MF,Real Sociedad,28,1990,20.2,1,13,4,30.8,0.64,0.20,0.08,0.25,24.5,2,0,0,0.4,0.4,0.03,+0.6,+0.6,Matches,5ce0b5ba
230,Giannelli Imbula,cd COD,MF,Rayo Vallecano,25,1992,19.2,1,21,4,19.0,1.09,0.21,0.05,0.25,26.4,1,0,0,1.0,1.0,0.05,0.0,0.0,Matches,b86fe156
231,Pablo Insua,es ESP,DF,Huesca,24,1993,8.6,0,1,1,100.0,0.12,0.12,0.00,0.00,12.0,0,0,0,0.0,0.0,0.03,0.0,0.0,Matches,4b5e7e90
232,Takashi Inui,jp JPN,FWMF,Betis,30,1988,4.2,0,13,3,23.1,3.10,0.72,0.00,0.00,18.7,0,0,0,1.4,1.4,0.11,-1.4,-1.4,Matches,61bd33d0
233,Takashi Inui,jp JPN,MFFW,Alavés,30,1988,9.2,2,16,5,31.3,1.74,0.54,0.13,0.40,19.9,0,0,0,1.6,1.6,0.10,+0.4,+0.4,Matches,61bd33d0
234,Gorka Iraizoz,es ESP,GK,Girona,37,1981,6.2,0,0,0,,0.00,0.00,,,,0,0,0,0.0,0.0,,0.0,0.0,Matches,26f2473f
235,Carlos Isaac,es ESP,DF,Atlético Madrid,20,1998,1.0,0,1,0,0.0,1.00,0.00,0.00,,10.3,0,0,0,0.1,0.1,0.13,-0.1,-0.1,Matches,3e5a168c
236,Isco,es ESP,MFFW,Real Madrid,26,1992,13.2,3,24,7,29.2,1.81,0.53,0.13,0.43,15.8,2,0,0,3.8,3.8,0.16,-0.8,-0.8,Matches,a0b4bb3e
237,Manuel Iturra,cl CHI,MF,Villarreal,34,1984,0.8,0,0,0,,0.00,0.00,,,,0,0,0,0.0,0.0,,0.0,0.0,Matches,000b3da6
238,Ander Iturraspe,es ESP,MF,Athletic Club,29,1989,1.1,0,0,0,,0.00,0.00,,,,0,0,0,0.0,0.0,,0.0,0.0,Matches,6dce77a5
239,Ivi,es ESP,MFFW,Valladolid,24,1994,0.2,0,1,0,0.0,4.50,0.00,0.00,,27.0,1,0,0,0.1,0.1,0.09,-0.1,-0.1,Matches,d2fa73e7
240,Adnan Januzaj,be BEL,FWMF,Real Sociedad,23,1995,13.9,1,33,7,21.2,2.37,0.50,0.03,0.14,20.2,5,0,0,2.3,2.3,0.07,-1.3,-1.3,Matches,4737cebe
241,Jason,es ESP,MFFW,Levante,24,1994,25.9,2,31,8,25.8,1.20,0.31,0.06,0.25,20.5,3,0,0,2.7,2.7,0.09,-0.7,-0.7,Matches,9038c2a1
242,Mathias Jensen,dk DEN,MFFW,Celta Vigo,22,1996,2.6,0,4,1,25.0,1.53,0.38,0.00,0.00,18.8,0,0,0,0.2,0.2,0.05,-0.2,-0.2,Matches,0f134faf
243,Jesé,es ESP,FWMF,Betis,25,1993,8.7,2,19,8,42.1,2.20,0.92,0.11,0.25,15.7,0,0,0,3.0,3.0,0.16,-1.0,-1.0,Matches,4a537185
244,Joaquín,es ESP,FWDF,Betis,37,1981,18.8,6,25,12,48.0,1.33,0.64,0.24,0.50,18.7,4,0,0,4.2,4.2,0.17,+1.8,+1.8,Matches,4c5b14d2
245,Jony,es ESP,MFFW,Alavés,27,1991,33.0,4,50,23,46.0,1.51,0.70,0.08,0.17,21.4,8,0,0,4.5,4.5,0.09,-0.5,-0.5,Matches,244f57b9
246,Joan Jordán,es ESP,MF,Eibar,24,1994,31.9,4,58,19,32.8,1.82,0.59,0.07,0.21,23.8,9,0,0,2.9,2.9,0.05,+1.1,+1.1,Matches,2a0c8ba4
247,Willian José,br BRA,FW,Real Sociedad,26,1991,26.3,11,48,20,41.7,1.83,0.76,0.13,0.30,15.9,1,5,7,11.9,6.9,0.14,-0.9,-0.9,Matches,d87e2cae
248,Aleksandar Jovanović,rs SRB,GK,Huesca,25,1992,12.0,0,0,0,,0.00,0.00,,,,0,0,0,0.0,0.0,,0.0,0.0,Matches,129dd8e7
249,Jozabed,es ESP,MF,Celta Vigo,27,1991,12.8,0,11,3,27.3,0.86,0.23,0.00,0.00,20.2,0,0,0,0.6,0.6,0.06,-0.6,-0.6,Matches,9b337c7c
250,Miguel Juan Llambrich,es ESP,DF,Villarreal,22,1996,6.0,0,2,0,0.0,0.33,0.00,0.00,,16.7,0,0,0,0.1,0.1,0.03,-0.1,-0.1,Matches,d83f09ff
251,Juanfran,es ESP,DF,Atlético Madrid,33,1985,17.9,0,0,0,,0.00,0.00,,,,0,0,0,0.0,0.0,,0.0,0.0,Matches,cfd8d664
252,Juanfran,es ESP,DF,Leganés,29,1988,16.2,1,10,3,30.0,0.62,0.19,0.10,0.33,19.7,0,0,0,0.5,0.5,0.05,+0.5,+0.5,Matches,9ba48d64
253,Juanmi,es ESP,FWMF,Real Sociedad,25,1993,16.9,5,44,19,43.2,2.60,1.12,0.11,0.26,14.0,0,0,0,6.5,6.5,0.15,-1.5,-1.5,Matches,84399660
254,Juanpe,es ESP,DF,Girona,27,1991,30.7,0,22,7,31.8,0.72,0.23,0.00,0.00,12.4,0,0,0,1.0,1.0,0.05,-1.0,-1.0,Matches,1633fc8a
255,Juanpi,ve VEN,MFFW,Huesca,24,1994,7.4,2,14,2,14.3,1.88,0.27,0.07,0.50,21.3,3,1,1,1.6,0.8,0.06,+0.4,+0.2,Matches,d79afcfc
256,David Juncà,es ESP,DF,Celta Vigo,24,1993,19.5,0,5,1,20.0,0.26,0.05,0.00,0.00,14.5,0,0,0,0.3,0.3,0.06,-0.3,-0.3,Matches,de7d40d6
257,Vinicius Júnior,br BRA,FW,Real Madrid,18,2000,9.7,2,43,16,37.2,4.45,1.66,0.05,0.13,17.6,0,0,0,3.0,3.0,0.07,-1.0,-1.0,Matches,7111d552
258,Gaël Kakuta,cd COD,MFFW,Rayo Vallecano,27,1991,8.0,1,5,0,0.0,0.63,0.00,0.00,,20.6,1,1,1,1.2,0.4,0.08,-0.2,-0.4,Matches,5b1bf5e3
259,Nikola Kalinić,hr CRO,FW,Atlético Madrid,30,1988,7.1,2,9,5,55.6,1.26,0.70,0.22,0.40,10.8,0,0,0,1.3,1.3,0.15,+0.7,+0.7,Matches,d4931a5a
260,Lee Kangin,kr KOR,FWMF,Valencia,17,2001,0.3,0,1,0,0.0,3.75,0.00,0.00,,29.1,0,0,0,0.0,0.0,0.02,0.0,0.0,Matches,8455ad90
261,Wilfrid Kaptoum,cm CMR,MF,Betis,22,1996,8.6,0,3,1,33.3,0.35,0.12,0.00,0.00,19.2,0,0,0,0.1,0.1,0.04,-0.1,-0.1,Matches,d717630e
262,Keko,es ESP,MFFW,Valladolid,26,1991,17.0,2,21,10,47.6,1.23,0.59,0.10,0.20,14.4,0,0,0,3.2,3.2,0.16,-1.2,-1.2,Matches,1512328c
263,Kike,es ESP,FW,Eibar,28,1989,14.4,3,42,17,40.5,2.91,1.18,0.07,0.18,12.9,0,0,0,5.1,5.1,0.12,-2.1,-2.1,Matches,e897d8ba
264,Simon Kjær,dk DEN,DF,Sevilla,29,1989,22.3,0,15,3,20.0,0.67,0.13,0.00,0.00,12.2,0,0,0,0.9,0.9,0.06,-0.9,-0.9,Matches,8b8a56ce
265,Kenan Kodro,ba BIH,FWMF,Athletic Club,24,1993,1.8,1,4,1,25.0,2.24,0.56,0.25,1.00,15.5,0,0,0,0.2,0.2,0.04,+0.8,+0.8,Matches,e82d2807
266,Koke,es ESP,MF,Atlético Madrid,26,1992,28.7,3,20,5,25.0,0.70,0.17,0.15,0.60,20.2,1,0,0,1.1,1.1,0.06,+1.9,+1.9,Matches,55126f3b
267,Geoffrey Kondogbia,cf CTA,MF,Valencia,25,1993,13.8,1,22,4,18.2,1.59,0.29,0.05,0.25,20.1,0,0,0,2.0,2.0,0.09,-1.0,-1.0,Matches,cce181df
268,Vasyl Kravets,ua UKR,DF,Leganés,20,1997,5.3,0,4,2,50.0,0.75,0.37,0.00,0.00,22.9,0,0,0,0.1,0.1,0.03,-0.1,-0.1,Matches,29e48848
269,Toni Kroos,de GER,MF,Real Madrid,28,1990,24.7,0,30,9,30.0,1.22,0.36,0.00,0.00,23.9,0,0,0,1.2,1.2,0.04,-1.2,-1.2,Matches,6ce1f46f
270,Víctor Laguardia,es ESP,DF,Alavés,28,1989,36.0,1,16,5,31.3,0.44,0.14,0.06,0.20,12.1,1,0,0,1.4,1.4,0.09,-0.4,-0.4,Matches,b7c99b9b
271,Diego Lainez,mx MEX,MFFW,Betis,18,2000,3.9,0,10,2,20.0,2.55,0.51,0.00,0.00,22.7,0,0,0,0.2,0.2,0.02,-0.2,-0.2,Matches,bf12926c
272,Toni Lato,es ESP,DF,Valencia,20,1997,3.0,0,2,0,0.0,0.67,0.00,0.00,,13.4,0,0,0,0.2,0.2,0.09,-0.2,-0.2,Matches,8e088e04
273,Miguel Layún,mx MEX,MFDF,Villarreal,30,1988,5.6,0,12,2,16.7,2.13,0.36,0.00,0.00,23.7,2,0,0,0.6,0.5,0.04,-0.6,-0.5,Matches,ad6295d4
274,Robin Le Normand,fr FRA,DF,Real Sociedad,21,1996,3.2,0,5,0,0.0,1.58,0.00,0.00,,7.3,0,0,0,0.3,0.3,0.06,-0.3,-0.3,Matches,9a64e67e
275,Wu Lei,cn CHN,FWMF,Espanyol,26,1991,11.8,3,29,8,27.6,2.46,0.68,0.10,0.38,13.0,0,0,0,4.1,4.1,0.14,-1.1,-1.1,Matches,e3fabb0a
276,Iñigo Lekue,es ESP,DF,Athletic Club,25,1993,2.3,0,0,0,,0.00,0.00,,,,0,0,0,0.0,0.0,,0.0,0.0,Matches,59b7d823
277,Thomas Lemar,fr FRA,MFFW,Atlético Madrid,22,1995,20.2,2,26,11,42.3,1.29,0.54,0.08,0.18,19.9,1,0,0,2.7,2.7,0.10,-0.7,-0.7,Matches,4dbd0916
278,Clément Lenglet,fr FRA,DF,Barcelona,23,1995,21.5,1,6,2,33.3,0.28,0.09,0.17,0.50,7.3,0,0,0,1.1,1.1,0.19,-0.1,-0.1,Matches,4f28a6ff
279,Pedro León,es ESP,MFFW,Eibar,31,1986,4.7,1,7,2,28.6,1.48,0.42,0.14,0.50,20.0,0,0,0,1.1,1.1,0.15,-0.1,-0.1,Matches,d66b9872
280,Sergio León,es ESP,FWMF,Betis,29,1989,7.1,0,13,2,15.4,1.83,0.28,0.00,0.00,18.4,0,0,0,0.5,0.5,0.04,-0.5,-0.5,Matches,0a0cc13c
281,Diego Llorente,es ESP,DF,Real Sociedad,24,1993,19.5,0,7,1,14.3,0.36,0.05,0.00,0.00,20.1,1,0,0,0.3,0.3,0.05,-0.3,-0.3,Matches,bba30585
282,Marcos Llorente,es ESP,MF,Real Madrid,23,1995,6.0,0,1,1,100.0,0.17,0.17,0.00,0.00,15.0,0,0,0,0.1,0.1,0.09,-0.1,-0.1,Matches,02c15616
283,Giovani Lo Celso,ar ARG,MFFW,Betis,22,1996,26.6,9,62,25,40.3,2.33,0.94,0.11,0.28,19.6,2,2,4,8.8,5.7,0.09,+0.2,+1.3,Matches,d7553721
284,Stanislav Lobotka,sk SVK,MF,Celta Vigo,23,1994,27.7,0,11,2,18.2,0.40,0.07,0.00,0.00,21.3,0,0,0,0.7,0.7,0.06,-0.7,-0.7,Matches,e1cbb531
285,Samuele Longo,it ITA,FWMF,Huesca,26,1992,6.2,1,12,6,50.0,1.94,0.97,0.08,0.17,8.2,0,0,0,2.3,2.3,0.19,-1.3,-1.3,Matches,1163de29
286,Alejandro López,es ESP,MF,Espanyol,21,1997,1.2,0,1,0,0.0,0.80,0.00,0.00,,31.3,0,0,0,0.0,0.0,0.01,0.0,0.0,Matches,f1887f53
287,David López,es ESP,DF,Espanyol,28,1989,20.2,0,11,2,18.2,0.54,0.10,0.00,0.00,16.1,0,0,0,0.9,0.9,0.08,-0.9,-0.9,Matches,f03f284b
288,Diego López,es ESP,GK,Espanyol,36,1981,38.0,0,0,0,,0.00,0.00,,,,0,0,0,0.0,0.0,,0.0,0.0,Matches,73683fa9
289,Javi López,es ESP,DF,Espanyol,32,1986,21.6,0,7,1,14.3,0.32,0.05,0.00,0.00,19.6,0,0,0,0.5,0.5,0.08,-0.5,-0.5,Matches,ffad706e
290,Lluis López,es ESP,DF,Espanyol,21,1997,5.8,0,1,1,100.0,0.17,0.17,0.00,0.00,4.2,0,0,0,0.1,0.1,0.11,-0.1,-0.1,Matches,a685f013
291,Pedro López Muñoz,es ESP,DF,Levante,34,1983,5.2,0,2,1,50.0,0.39,0.19,0.00,0.00,20.9,0,0,0,0.2,0.2,0.08,-0.2,-0.2,Matches,a60823a4
292,Pau López,es ESP,GK,Betis,23,1994,33.0,0,0,0,,0.00,0.00,,,,0,0,0,0.0,0.0,,0.0,0.0,Matches,20b9f052
293,Roberto López,es ESP,MF,Real Sociedad,18,2000,0.3,0,0,0,,0.00,0.00,,,,0,0,0,0.0,0.0,,0.0,0.0,Matches,2a8c9f98
294,Unai López,es ESP,MF,Athletic Club,22,1995,3.6,0,4,2,50.0,1.10,0.55,0.00,0.00,21.1,0,0,0,0.4,0.4,0.09,-0.4,-0.4,Matches,88050721
295,Anthony Lozano,hn HON,FWMF,Girona,25,1993,8.1,0,24,10,41.7,2.96,1.23,0.00,0.00,12.9,0,0,0,2.1,2.1,0.09,-2.1,-2.1,Matches,38699c72
296,Filipe Luís,br BRA,DF,Atlético Madrid,32,1985,22.6,2,11,6,54.5,0.49,0.27,0.18,0.33,20.0,0,0,0,0.7,0.7,0.07,+1.3,+1.3,Matches,e4ed2628
297,José Luis Gayà,es ESP,DF,Valencia,23,1995,34.9,1,14,3,21.4,0.40,0.09,0.07,0.33,20.5,1,0,0,0.8,0.8,0.05,+0.2,+0.2,Matches,b05e2dbd
298,José Luis Morales,es ESP,FWMF,Levante,31,1987,35.5,12,61,27,44.3,1.72,0.76,0.15,0.33,15.8,1,3,5,13.6,9.7,0.16,-1.6,-0.7,Matches,4a478107
299,Luisinho,pt POR,DF,Huesca,33,1985,5.6,0,3,1,33.3,0.53,0.18,0.00,0.00,28.3,0,0,0,0.1,0.1,0.04,-0.1,-0.1,Matches,a7f00c8c
300,Douglas Luiz,br BRA,MF,Girona,20,1998,16.6,0,16,0,0.0,0.97,0.00,0.00,,25.6,0,0,0,1.1,1.1,0.07,-1.1,-1.1,Matches,6f7d826d
301,Antonio Luna,es ESP,DF,Levante,27,1991,14.0,0,3,1,33.3,0.21,0.07,0.00,0.00,16.4,0,0,0,0.3,0.3,0.11,-0.3,-0.3,Matches,ed239245
302,Andriy Lunin,ua UKR,GK,Leganés,19,1999,4.1,0,0,0,,0.00,0.00,,,,0,0,0,0.0,0.0,,0.0,0.0,Matches,3061e1ec
303,Nemanja Maksimović,rs SRB,MF,Getafe,23,1995,35.7,1,35,7,20.0,0.98,0.20,0.03,0.14,16.9,0,0,0,2.3,2.3,0.07,-1.3,-1.3,Matches,00b28772
304,Malcom,br BRA,FWDF,Barcelona,21,1997,6.8,1,11,6,54.5,1.61,0.88,0.09,0.17,14.0,0,0,0,1.5,1.5,0.14,-0.5,-0.5,Matches,6853490f
305,Hugo Mallo,es ESP,DF,Celta Vigo,27,1991,34.4,1,24,9,37.5,0.70,0.26,0.04,0.11,19.3,0,0,0,1.3,1.3,0.06,-0.3,-0.3,Matches,cb574619
306,Aïssa Mandi,dz ALG,DF,Betis,26,1991,34.0,1,6,3,50.0,0.18,0.09,0.17,0.33,11.8,0,0,0,0.7,0.7,0.11,+0.3,+0.3,Matches,fbd6378b
307,Martín Mantovani,ar ARG,DF,Huesca,34,1984,7.8,2,5,3,60.0,0.64,0.39,0.40,0.67,9.1,0,0,0,0.5,0.5,0.10,+1.5,+1.5,Matches,4ffb647d
308,Fran Manzanara,es ESP,DFMF,Levante,21,1996,1.7,0,1,0,0.0,0.57,0.00,0.00,,3.0,0,0,0,0.4,0.4,0.40,-0.4,-0.4,Matches,bbfaeda4
309,Marcelo,br BRA,DF,Real Madrid,30,1988,20.6,2,35,12,34.3,1.70,0.58,0.06,0.17,21.2,0,0,0,1.5,1.5,0.04,+0.5,+0.5,Matches,603116a7
310,Óscar de Marcos,es ESP,DFFW,Athletic Club,29,1989,26.9,1,9,2,22.2,0.33,0.07,0.11,0.50,11.2,0,0,0,1.3,1.3,0.14,-0.3,-0.3,Matches,9f323c71
311,Miguel Marí,es ESP,MF,Eibar,21,1997,0.8,0,0,0,,0.00,0.00,,,,0,0,0,0.0,0.0,,0.0,0.0,Matches,d70a3661
312,José María Giménez,uy URU,DF,Atlético Madrid,23,1995,19.7,0,16,4,25.0,0.81,0.20,0.00,0.00,12.1,0,0,0,0.8,0.8,0.05,-0.8,-0.8,Matches,f0da930c
313,Mariano,do DOM,FW,Real Madrid,24,1993,5.0,3,22,8,36.4,4.43,1.61,0.14,0.38,12.4,1,0,0,2.9,2.9,0.13,+0.1,+0.1,Matches,5c4dc0ff
314,Adrián Marín,es ESP,DFMF,Alavés,21,1997,3.2,0,2,0,0.0,0.62,0.00,0.00,,10.4,0,0,0,0.2,0.2,0.10,-0.2,-0.2,Matches,b7f2edff
315,Guillermo Maripán,cl CHI,DF,Alavés,24,1994,22.3,2,15,5,33.3,0.67,0.22,0.13,0.40,10.5,0,0,0,1.2,1.2,0.08,+0.8,+0.8,Matches,d9764034
316,Roger Martí,es ESP,FW,Levante,27,1991,21.0,13,68,27,39.7,3.24,1.29,0.16,0.41,15.3,0,2,2,12.6,10.8,0.16,+0.4,+0.2,Matches,0ae4e09a
317,Iñigo Martínez,es ESP,DF,Athletic Club,27,1991,32.2,0,24,5,20.8,0.74,0.16,0.00,0.00,18.9,2,0,0,1.4,1.4,0.06,-1.4,-1.4,Matches,3fc45c73
318,Gelson Martins,pt POR,FW,Atlético Madrid,23,1995,2.5,0,5,1,20.0,1.97,0.39,0.00,0.00,16.0,0,0,0,0.6,0.6,0.12,-0.6,-0.6,Matches,3ef0fa48
319,Jordi Masip,es ESP,GK,Valladolid,29,1989,35.0,0,0,0,,0.00,0.00,,,,0,0,0,0.0,0.0,,0.0,0.0,Matches,8fae77ea
320,Jaime Mata,es ESP,FWMF,Getafe,29,1988,27.0,14,54,20,37.0,2.00,0.74,0.19,0.50,12.5,0,4,4,12.4,9.4,0.17,+1.6,+0.6,Matches,02319ad7
321,Borja Mayoral,es ESP,FW,Levante,21,1997,18.0,3,24,15,62.5,1.33,0.83,0.13,0.20,10.9,0,0,0,3.4,3.4,0.14,-0.4,-0.4,Matches,64e8ed6d
322,Róbert Mazáň,sk SVK,DF,Celta Vigo,24,1994,1.0,0,1,0,0.0,1.00,0.00,0.00,,27.9,0,0,0,0.0,0.0,0.03,0.0,0.0,Matches,30672832
323,Álvaro Medrán,es ESP,MF,Rayo Vallecano,24,1994,12.8,3,24,9,37.5,1.88,0.70,0.13,0.33,23.9,3,0,0,1.6,1.6,0.06,+1.4,+1.4,Matches,31223bcf
324,Óscar Melendo,es ESP,MFFW,Espanyol,20,1997,22.2,0,9,6,66.7,0.41,0.27,0.00,0.00,19.3,0,0,0,0.8,0.8,0.09,-0.8,-0.8,Matches,379652be
325,Gonzalo Melero,es ESP,MF,Huesca,24,1994,14.9,2,20,6,30.0,1.34,0.40,0.05,0.17,15.8,0,1,2,4.0,2.5,0.13,-2.0,-1.5,Matches,3902e91b
326,Arthur Melo,br BRA,MF,Barcelona,21,1996,15.9,0,5,3,60.0,0.31,0.19,0.00,0.00,19.3,0,0,0,0.3,0.3,0.06,-0.3,-0.3,Matches,48b3dd60
327,Brais Méndez,es ESP,MFFW,Celta Vigo,21,1997,26.1,6,64,26,40.6,2.45,1.00,0.08,0.19,20.3,1,1,1,5.5,4.8,0.08,+0.5,+0.2,Matches,c9e39d91
328,Gabriel Mercado,ar ARG,DF,Sevilla,31,1987,19.3,2,10,3,30.0,0.52,0.16,0.20,0.67,14.0,0,0,0,1.1,1.1,0.11,+0.9,+0.9,Matches,bf97c188
329,Mikel Merino,es ESP,MF,Real Sociedad,22,1996,22.8,3,24,10,41.7,1.05,0.44,0.13,0.30,15.1,0,0,0,2.9,2.9,0.12,+0.1,+0.1,Matches,d080ed5e
330,Sabin Merino,es ESP,FWMF,Leganés,26,1992,3.3,0,10,4,40.0,3.05,1.22,0.00,0.00,11.8,0,0,0,1.5,1.5,0.15,-1.5,-1.5,Matches,1d5f96d9
331,Martín Merquelanz,es ESP,MFFW,Real Sociedad,23,1995,0.1,0,0,0,,0.00,0.00,,,,0,0,0,0.0,0.0,,0.0,0.0,Matches,ddd5348b
332,Roque Mesa,es ESP,MF,Sevilla,29,1989,19.4,2,29,7,24.1,1.49,0.36,0.07,0.29,20.4,2,0,0,1.6,1.6,0.06,+0.4,+0.4,Matches,7c4243d4
333,Lionel Messi,ar ARG,FW,Barcelona,31,1987,30.1,36,167,85,50.9,5.54,2.82,0.19,0.38,19.4,41,4,5,23.4,19.7,0.12,+12.6,+12.3,Matches,d70ce98e
334,Míchel,es ESP,MF,Valladolid,30,1988,28.4,1,21,4,19.0,0.74,0.14,0.05,0.25,27.3,3,0,1,1.5,0.7,0.03,-0.5,+0.3,Matches,418f8f61
335,Miguel,es ESP,MFFW,Valladolid,18,1999,0.1,0,2,1,50.0,15.00,7.50,0.00,0.00,9.3,0,0,0,0.2,0.2,0.08,-0.2,-0.2,Matches,6763373d
336,Pere Milla,es ESP,FWMF,Eibar,25,1992,3.8,0,4,0,0.0,1.06,0.00,0.00,,19.2,0,0,0,0.2,0.2,0.05,-0.2,-0.2,Matches,335039a2
337,Santi Mina,es ESP,FW,Valencia,22,1995,20.6,7,42,21,50.0,2.04,1.02,0.17,0.33,11.3,0,0,0,7.4,7.2,0.17,-0.4,-0.2,Matches,0b90bb97
338,Ignasi Miquel,es ESP,DF,Getafe,25,1992,3.5,0,0,0,,0.00,0.00,,,,0,0,0,0.0,0.0,,0.0,0.0,Matches,174f09a6
339,Jorge Miramón,es ESP,DF,Huesca,29,1989,27.7,1,14,4,28.6,0.51,0.14,0.07,0.25,22.2,0,0,0,0.7,0.7,0.05,+0.3,+0.3,Matches,7f4c7c9f
340,Luka Modrić,hr CRO,MF,Real Madrid,32,1985,29.0,3,39,13,33.3,1.35,0.45,0.08,0.23,20.7,0,0,0,2.9,2.9,0.07,+0.1,+0.1,Matches,6025fab1
341,Johan Mojica,co COL,DFMF,Girona,25,1992,0.2,0,0,0,,0.00,0.00,,,,0,0,0,0.0,0.0,,0.0,0.0,Matches,608f2092
342,Jorge Molina,es ESP,FW,Getafe,36,1982,29.4,14,52,20,38.5,1.77,0.68,0.23,0.60,12.2,0,2,2,11.6,10.0,0.20,+2.4,+2.0,Matches,43f71e77
343,Victor Mollejo,es ESP,FWMF,Atlético Madrid,17,2001,0.7,0,2,0,0.0,2.77,0.00,0.00,,20.8,0,0,0,0.1,0.1,0.03,-0.1,-0.1,Matches,23fffc06
344,Francisco Montero,es ESP,DF,Atlético Madrid,19,1999,4.5,0,0,0,,0.00,0.00,,,,0,0,0,0.0,0.0,,0.0,0.0,Matches,3e96f3e7
345,Emre Mor,tr TUR,FWMF,Celta Vigo,21,1997,4.1,0,8,4,50.0,1.95,0.98,0.00,0.00,20.4,0,0,0,0.6,0.6,0.08,-0.6,-0.6,Matches,0c3f7197
346,Álvaro Morata,es ESP,FW,Atlético Madrid,25,1992,12.0,6,26,14,53.8,2.16,1.16,0.23,0.43,10.2,0,0,0,6.6,6.6,0.25,-0.6,-0.6,Matches,129af0db
347,Álex Moreno,es ESP,DF,Rayo Vallecano,25,1993,34.8,1,24,6,25.0,0.69,0.17,0.04,0.17,20.1,0,0,0,1.2,1.2,0.05,-0.2,-0.2,Matches,16e9d0ea
348,Gerard Moreno,es ESP,FW,Villarreal,26,1992,25.7,8,72,32,44.4,2.80,1.24,0.11,0.25,13.3,0,0,1,9.5,8.7,0.12,-1.5,-0.7,Matches,81f0781e
349,Héctor Moreno,mx MEX,DF,Real Sociedad,30,1988,21.5,1,4,1,25.0,0.19,0.05,0.25,1.00,10.3,0,0,0,0.5,0.5,0.13,+0.5,+0.5,Matches,5d311e8d
350,Sergio Moreno,es ESP,MF,Rayo Vallecano,19,1999,0.2,0,1,1,100.0,6.43,6.43,0.00,0.00,9.1,0,0,0,0.3,0.3,0.25,-0.3,-0.3,Matches,014b57f5
351,Manu Morlanes,es ESP,MF,Villarreal,19,1999,6.8,0,3,0,0.0,0.44,0.00,0.00,,24.0,0,0,0,0.1,0.1,0.03,-0.1,-0.1,Matches,a0255c67
352,Loren Morón,es ESP,FW,Betis,24,1993,21.7,6,59,27,45.8,2.71,1.24,0.10,0.22,14.1,0,0,0,7.9,7.8,0.13,-1.9,-1.8,Matches,3aa4a3be
353,Toni Moya,es ESP,DF,Atlético Madrid,20,1998,1.0,0,0,0,,0.00,0.00,,,,0,0,0,0.0,0.0,,0.0,0.0,Matches,9e098912
354,Javi Moyano,es ESP,DF,Valladolid,32,1986,23.3,0,7,3,42.9,0.30,0.13,0.00,0.00,14.8,0,0,0,0.3,0.3,0.05,-0.3,-0.3,Matches,933e8c8a
355,Iker Muniain,es ESP,FWMF,Athletic Club,25,1992,26.5,7,24,11,45.8,0.91,0.42,0.25,0.55,14.2,0,1,1,6.5,5.7,0.24,+0.5,+0.3,Matches,c05dfb74
356,Marc Muniesa,es ESP,DFMF,Girona,26,1992,15.6,0,6,1,16.7,0.38,0.06,0.00,0.00,21.0,0,0,0,0.4,0.4,0.07,-0.4,-0.4,Matches,4db76f57
357,Aihen Muñoz,es ESP,DF,Real Sociedad,20,1997,10.6,0,2,0,0.0,0.19,0.00,0.00,,16.3,0,0,0,0.1,0.1,0.04,-0.1,-0.1,Matches,228b0d9d
358,Ezequiel Muñoz,ar ARG,DF,Leganés,27,1990,2.3,0,2,0,0.0,0.85,0.00,0.00,,8.2,0,0,0,0.1,0.1,0.07,-0.1,-0.1,Matches,e4b8c5b6
359,Joaquín Muñoz,es ESP,MF,Atlético Madrid,19,1999,0.0,0,0,0,,0.00,0.00,,,,0,0,0,0.0,0.0,,0.0,0.0,Matches,e9fbcc21
360,Luis Muriel,co COL,MFFW,Sevilla,27,1991,1.4,1,4,1,25.0,2.93,0.73,0.25,1.00,17.0,0,0,0,0.3,0.3,0.08,+0.7,+0.7,Matches,eb2fe5b6
361,Jeison Murillo,co COL,DF,Barcelona,26,1992,1.3,0,1,1,100.0,0.80,0.80,0.00,0.00,13.0,0,0,0,0.0,0.0,0.02,0.0,0.0,Matches,b233e8e4
362,Jeison Murillo,co COL,DF,Valencia,26,1992,1.0,0,0,0,,0.00,0.00,,,,0,0,0,0.0,0.0,,0.0,0.0,Matches,b233e8e4
363,Damián Musto,ar ARG,MF,Huesca,31,1987,18.7,0,16,2,12.5,0.85,0.11,0.00,0.00,19.6,1,0,0,1.4,1.4,0.09,-1.4,-1.4,Matches,74e0a984
364,Nacho,es ESP,DF,Real Madrid,28,1990,18.9,0,6,0,0.0,0.32,0.00,0.00,,14.3,0,0,0,0.3,0.3,0.05,-0.3,-0.3,Matches,2946f9a1
365,Nacho,es ESP,DF,Valladolid,29,1989,35.0,1,18,5,27.8,0.51,0.14,0.06,0.20,23.4,0,0,0,0.6,0.6,0.04,+0.4,+0.4,Matches,e29d1111
366,Naldo,br BRA,DF,Espanyol,29,1988,15.1,1,6,2,33.3,0.40,0.13,0.17,0.50,7.2,0,0,0,0.6,0.6,0.10,+0.4,+0.4,Matches,a2609621
367,Ximo Navarro,es ESP,DF,Alavés,28,1990,28.1,2,12,3,25.0,0.43,0.11,0.17,0.67,20.6,0,0,0,0.6,0.6,0.05,+1.4,+1.4,Matches,8db394aa
368,Jesús Navas,es ESP,DFMF,Sevilla,32,1985,30.1,1,31,11,35.5,1.03,0.37,0.03,0.09,21.4,0,0,0,1.3,1.3,0.04,-0.3,-0.3,Matches,3f10bd22
369,Keylor Navas,cr CRC,GK,Real Madrid,31,1986,10.0,0,0,0,,0.00,0.00,,,,0,0,0,0.0,0.0,,0.0,0.0,Matches,ecada4fc
370,Raúl Navas,es ESP,DF,Real Sociedad,30,1988,14.6,0,5,0,0.0,0.34,0.00,0.00,,18.1,0,0,0,0.3,0.3,0.05,-0.3,-0.3,Matches,ad178594
371,Neto,br BRA,GK,Valencia,29,1989,34.0,0,0,0,,0.00,0.00,,,,0,0,0,0.0,0.0,,0.0,0.0,Matches,a9dc785c
372,Saúl Ñíguez,es ESP,MFDF,Atlético Madrid,23,1994,32.5,4,52,20,38.5,1.60,0.62,0.08,0.20,18.8,1,0,1,5.2,4.2,0.08,-1.2,-0.2,Matches,c14bc029
373,Peru Nolaskoain,es ESP,DF,Athletic Club,19,1998,5.2,2,4,3,75.0,0.78,0.58,0.50,0.67,13.9,0,0,0,0.3,0.3,0.07,+1.7,+1.7,Matches,857cb4f3
374,Nolito,es ESP,FWMF,Sevilla,31,1986,0.8,0,3,2,66.7,3.55,2.37,0.00,0.00,9.3,0,0,0,0.6,0.6,0.21,-0.6,-0.6,Matches,b2d0ec1b
375,Unai Núñez,es ESP,DF,Athletic Club,21,1997,11.8,0,12,3,25.0,1.02,0.25,0.00,0.00,10.9,0,0,0,0.8,0.8,0.07,-0.8,-0.8,Matches,be170419
376,Allan Nyom,cm CMR,DF,Leganés,30,1988,19.0,1,5,3,60.0,0.26,0.16,0.20,0.33,19.9,0,0,0,0.2,0.2,0.05,+0.8,+0.8,Matches,97572117
377,Jan Oblak,si SVN,GK,Atlético Madrid,25,1993,37.0,0,0,0,,0.00,0.00,,,,0,0,0,0.0,0.0,,0.0,0.0,Matches,ee8508c0
378,Álvaro Odriozola,es ESP,DF,Real Madrid,22,1995,13.1,0,1,1,100.0,0.08,0.08,0.00,0.00,11.0,0,0,0,0.3,0.3,0.32,-0.3,-0.3,Matches,1d1691ad
379,Dani Ojeda,es ESP,MFDF,Leganés,23,1994,2.1,0,2,1,50.0,0.93,0.47,0.00,0.00,10.4,0,0,0,0.4,0.4,0.19,-0.4,-0.4,Matches,375a669e
380,Lucas Olaza,uy URU,DF,Celta Vigo,24,1994,10.0,0,0,0,,0.00,0.00,,,,0,0,0,0.0,0.0,,0.0,0.0,Matches,4cee5954
381,Oier Olazábal,es ESP,GK,Levante,28,1989,21.0,0,0,0,,0.00,0.00,,,,0,0,0,0.0,0.0,,0.0,0.0,Matches,b5bdf144
382,Kiko Olivas,es ESP,DF,Valladolid,29,1988,34.4,0,5,1,20.0,0.15,0.03,0.00,0.00,8.1,0,0,0,0.5,0.5,0.10,-0.5,-0.5,Matches,72b07a9c
383,Paulo Oliveira,pt POR,DF,Eibar,26,1992,24.9,0,9,2,22.2,0.36,0.08,0.00,0.00,12.7,0,0,0,0.6,0.6,0.06,-0.6,-0.6,Matches,a8fbae1d
384,Mathías Olivera,uy URU,DFMF,Getafe,20,1997,11.2,0,7,4,57.1,0.63,0.36,0.00,0.00,17.6,0,0,0,0.4,0.4,0.06,-0.4,-0.4,Matches,41c12f75
385,Kenneth Omeruo,ng NGA,DF,Leganés,24,1993,27.0,0,3,1,33.3,0.11,0.04,0.00,0.00,15.1,0,0,0,0.2,0.2,0.06,-0.2,-0.2,Matches,0f0aa5b4
386,Fabián Orellana,cl CHI,MFFW,Eibar,32,1986,30.4,3,72,25,34.7,2.37,0.82,0.03,0.08,16.7,3,1,1,6.7,5.9,0.08,-3.7,-3.9,Matches,c90977db
387,Mikel Oyarzabal,es ESP,FWMF,Real Sociedad,21,1997,35.0,13,58,23,39.7,1.66,0.66,0.17,0.43,15.8,0,3,3,10.0,7.7,0.13,+3.0,+2.3,Matches,8c3c640c
388,Fernando Pacheco,es ESP,GK,Alavés,26,1992,35.0,0,0,0,,0.00,0.00,,,,0,0,0,0.0,0.0,,0.0,0.0,Matches,97852360
389,Rubén Pardo,es ESP,MFFW,Real Sociedad,25,1992,15.2,1,19,4,21.1,1.25,0.26,0.05,0.25,26.7,2,0,0,0.9,0.9,0.05,+0.1,+0.1,Matches,2306bfde
390,Daniel Parejo,es ESP,MF,Valencia,29,1989,34.0,9,38,15,39.5,1.12,0.44,0.11,0.27,24.2,10,5,6,7.6,3.0,0.08,+1.4,+1.0,Matches,7460ca0d
391,Thomas Partey,gh GHA,MF,Atlético Madrid,25,1993,23.0,3,36,7,19.4,1.57,0.30,0.08,0.43,26.1,2,0,0,1.5,1.5,0.04,+1.5,+1.5,Matches,529f49ab
392,Gabriel Paulista,br BRA,DF,Valencia,27,1990,29.1,0,10,2,20.0,0.34,0.07,0.00,0.00,10.2,0,0,0,0.9,0.9,0.09,-0.9,-0.9,Matches,b7ca5c51
393,Alfonso Pedraza,es ESP,DFFW,Villarreal,22,1996,23.3,3,34,14,41.2,1.46,0.60,0.09,0.21,16.4,0,0,0,2.6,2.6,0.08,+0.4,+0.4,Matches,63f04c6c
394,Pedrosa,es ESP,DF,Espanyol,20,1998,8.5,1,6,1,16.7,0.71,0.12,0.17,1.00,22.5,0,0,0,0.5,0.5,0.08,+0.5,+0.5,Matches,112521d1
395,Rubén Peña,es ESP,DF,Eibar,27,1991,29.7,1,20,5,25.0,0.67,0.17,0.05,0.20,23.7,0,0,0,0.7,0.7,0.03,+0.3,+0.3,Matches,1f079188
396,Carles Pérez,es ESP,FW,Barcelona,20,1998,0.2,0,1,0,0.0,5.00,0.00,0.00,,6.7,0,0,0,0.1,0.1,0.07,-0.1,-0.1,Matches,a8f21b9f
397,Hernán Pérez,py PAR,FWMF,Espanyol,29,1989,8.8,1,15,6,40.0,1.70,0.68,0.07,0.17,14.9,0,0,0,2.0,2.0,0.14,-1.0,-1.0,Matches,e1cea3f7
398,Rubén Pérez,es ESP,MF,Leganés,29,1989,27.5,0,13,3,23.1,0.47,0.11,0.00,0.00,23.3,0,0,0,0.4,0.4,0.03,-0.4,-0.4,Matches,3c7bc9bd
399,Pablo Piatti,ar ARG,FWMF,Espanyol,29,1989,8.3,1,15,6,40.0,1.82,0.73,0.07,0.17,17.4,1,0,0,1.4,1.4,0.09,-0.4,-0.4,Matches,48e89655
400,Cristiano Piccini,it ITA,DF,Valencia,25,1992,20.8,1,12,2,16.7,0.58,0.10,0.08,0.50,21.3,0,0,0,0.4,0.4,0.03,+0.6,+0.6,Matches,32c0491f
401,Tomás Pina Isla,es ESP,MF,Alavés,30,1987,26.0,2,13,2,15.4,0.50,0.08,0.15,1.00,16.6,0,0,0,1.5,1.5,0.11,+0.5,+0.5,Matches,e54bd0a2
402,Gerard Piqué,es ESP,DF,Barcelona,31,1987,35.0,4,20,11,55.0,0.57,0.31,0.20,0.36,7.3,0,0,0,3.7,3.7,0.19,+0.3,+0.3,Matches,adfc9123
403,Carles Planas,es ESP,DFMF,Girona,27,1991,4.7,0,1,0,0.0,0.21,0.00,0.00,,13.2,0,0,0,0.1,0.1,0.15,-0.1,-0.1,Matches,72b92c4e
404,Óscar Plano,es ESP,MFFW,Valladolid,27,1991,29.9,3,46,14,30.4,1.54,0.47,0.07,0.21,18.4,1,0,0,3.8,3.8,0.08,-0.8,-0.8,Matches,7c388b20
405,Stiven Plaza,ec ECU,FWMF,Valladolid,19,1999,0.4,0,0,0,,0.00,0.00,,,,0,0,0,0.0,0.0,,0.0,0.0,Matches,f4b7f2ec
406,Pere Pons,es ESP,MF,Girona,25,1993,31.0,1,19,7,36.8,0.61,0.23,0.05,0.14,19.3,0,0,0,1.3,1.3,0.07,-0.3,-0.3,Matches,29b61deb
407,Pedro Porro,es ESP,DFMF,Girona,18,1999,24.6,0,22,6,27.3,0.90,0.24,0.00,0.00,23.3,0,0,0,0.9,0.9,0.04,-0.9,-0.9,Matches,27d0a506
408,Francisco Portillo,es ESP,MFFW,Getafe,28,1990,22.2,1,8,4,50.0,0.36,0.18,0.13,0.25,15.0,0,0,0,0.7,0.7,0.09,+0.3,+0.3,Matches,8e010ff4
409,Portu,es ESP,FWMF,Girona,26,1992,31.3,9,43,19,44.2,1.37,0.61,0.19,0.42,12.7,0,1,1,8.4,7.6,0.18,+0.6,+0.4,Matches,1bda5842
410,Sergio Postigo,es ESP,DF,Levante,29,1988,16.1,1,2,1,50.0,0.12,0.06,0.50,1.00,9.0,0,0,0,0.2,0.2,0.12,+0.8,+0.8,Matches,474ecac8
411,José Pozo,es ESP,MFFW,Rayo Vallecano,22,1996,18.0,3,23,9,39.1,1.28,0.50,0.13,0.33,17.2,0,0,0,2.4,2.4,0.11,+0.6,+0.6,Matches,fc8b614b
412,Sanjin Prcić,ba BIH,MF,Levante,24,1993,5.9,0,8,1,12.5,1.35,0.17,0.00,0.00,26.6,0,0,0,0.2,0.2,0.03,-0.2,-0.2,Matches,51c30111
413,Quincy Promes,nl NED,DFMF,Sevilla,26,1992,17.6,2,29,4,13.8,1.65,0.23,0.07,0.50,19.8,0,0,1,3.2,2.3,0.08,-1.2,-0.3,Matches,b182a240
414,Javi Puado,es ESP,FWMF,Espanyol,20,1998,4.0,0,7,1,14.3,1.75,0.25,0.00,0.00,15.2,0,0,0,0.6,0.6,0.08,-0.6,-0.6,Matches,2683eda7
415,Riqui Puig,es ESP,MF,Barcelona,18,1999,1.7,0,0,0,,0.00,0.00,,,,0,0,0,0.0,0.0,,0.0,0.0,Matches,f090a37a
416,Jorge Pulido,es ESP,DF,Huesca,27,1991,30.9,3,17,5,29.4,0.55,0.16,0.18,0.60,12.4,0,0,0,1.9,1.9,0.11,+1.1,+1.1,Matches,978cd030
417,Xavi Quintillà,es ESP,DF,Villarreal,21,1996,7.0,0,3,0,0.0,0.43,0.00,0.00,,16.1,0,0,0,0.1,0.1,0.04,-0.1,-0.1,Matches,84fb6aff
418,Dani Raba,es ESP,MF,Villarreal,22,1995,2.1,0,2,0,0.0,0.94,0.00,0.00,,16.2,0,0,0,0.1,0.1,0.07,-0.1,-0.1,Matches,ea6a7ab4
419,Rafinha,br BRA,FWMF,Barcelona,25,1993,2.5,0,2,0,0.0,0.81,0.00,0.00,,18.2,0,0,0,0.2,0.2,0.08,-0.2,-0.2,Matches,0c2ac3cb
420,Ivan Rakitić,hr CRO,MF,Barcelona,30,1988,29.4,3,36,11,30.6,1.23,0.37,0.08,0.27,22.0,0,0,0,2.3,2.3,0.06,+0.7,+0.7,Matches,89f951b5
421,Jonás Ramalho,es ESP,DF,Girona,25,1993,18.0,1,7,2,28.6,0.39,0.11,0.14,0.50,11.6,0,0,0,0.5,0.5,0.07,+0.5,+0.5,Matches,be3a0121
422,Sandro Ramírez,es ESP,FWMF,Real Sociedad,23,1995,11.7,0,42,10,23.8,3.58,0.85,0.00,0.00,19.5,4,0,0,2.5,2.5,0.06,-2.5,-2.5,Matches,833fb62e
423,Iván Ramis,es ESP,DF,Eibar,33,1984,18.6,0,15,3,20.0,0.81,0.16,0.00,0.00,11.5,0,0,0,0.7,0.7,0.05,-0.7,-0.7,Matches,d2be40f2
424,Chris Ramos,es ESP,FW,Valladolid,21,1997,0.7,0,1,0,0.0,1.43,0.00,0.00,,10.0,0,0,0,0.1,0.1,0.05,-0.1,-0.1,Matches,44e07fac
425,Sergio Ramos,es ESP,DF,Real Madrid,32,1986,27.5,6,25,8,32.0,0.91,0.29,0.04,0.13,15.0,3,5,5,6.9,3.1,0.12,-0.9,-2.1,Matches,08511d65
426,Recio,es ESP,MF,Leganés,27,1991,14.3,0,9,4,44.4,0.63,0.28,0.00,0.00,24.2,0,0,0,0.4,0.4,0.04,-0.4,-0.4,Matches,54073b28
427,Sergio Reguilón,es ESP,DF,Real Madrid,21,1996,12.4,0,6,0,0.0,0.48,0.00,0.00,,20.4,0,0,0,0.3,0.3,0.05,-0.3,-0.3,Matches,3353737a
428,Diego Reyes,mx MEX,DF,Leganés,25,1992,3.6,0,1,0,0.0,0.28,0.00,0.00,,14.9,0,0,0,0.0,0.0,0.02,0.0,0.0,Matches,d4f46475
429,Mikel Rico,es ESP,MF,Athletic Club,33,1984,2.7,0,3,1,33.3,1.12,0.37,0.00,0.00,10.7,0,0,0,0.4,0.4,0.13,-0.4,-0.4,Matches,def69cd0
430,Asier Riesgo,es ESP,GK,Eibar,34,1983,14.0,0,0,0,,0.00,0.00,,,,0,0,0,0.0,0.0,,0.0,0.0,Matches,581c5276
431,Cristian Rivera,es ESP,MF,Huesca,21,1997,18.8,2,13,6,46.2,0.69,0.32,0.15,0.33,18.5,0,0,0,1.1,1.1,0.09,+0.9,+0.9,Matches,8ef81d2d
432,Rober,es ESP,DF,Levante,23,1995,31.7,1,7,1,14.3,0.22,0.03,0.14,1.00,8.8,0,0,0,0.9,0.9,0.12,+0.1,+0.1,Matches,c00097d2
433,Sergi Roberto,es ESP,DFMF,Barcelona,26,1992,23.2,0,9,2,22.2,0.39,0.09,0.00,0.00,14.6,0,0,0,0.6,0.6,0.07,-0.6,-0.6,Matches,335fa267
434,Patrick Roberts,eng ENG,FW,Girona,21,1997,6.7,0,7,5,71.4,1.05,0.75,0.00,0.00,15.9,0,0,0,0.8,0.8,0.12,-0.8,-0.8,Matches,59d93937
435,Joel Robles,es ESP,GK,Betis,28,1990,5.0,0,0,0,,0.00,0.00,,,,0,0,0,0.0,0.0,,0.0,0.0,Matches,cda0b317
436,Marc Roca,es ESP,MF,Espanyol,21,1996,34.6,1,24,9,37.5,0.69,0.26,0.04,0.11,26.1,0,0,0,1.2,1.2,0.05,-0.2,-0.2,Matches,da27e268
437,Rubén Rochina,es ESP,MF,Levante,27,1991,20.0,4,48,12,25.0,2.40,0.60,0.08,0.33,24.4,4,0,0,2.3,2.3,0.05,+1.7,+1.7,Matches,ecd8c01e
438,Rodri,es ESP,MF,Atlético Madrid,22,1996,30.4,3,26,8,30.8,0.86,0.26,0.12,0.38,16.7,0,0,0,2.6,2.6,0.10,+0.4,+0.4,Matches,6434f10d
439,Rodrigo,es ESP,FW,Valencia,27,1991,28.1,8,76,29,38.2,2.71,1.03,0.11,0.28,14.1,0,0,1,13.0,12.3,0.16,-5.0,-4.3,Matches,1fb1c435
440,Kévin Rodrigues,pt POR,DF,Real Sociedad,24,1994,5.4,0,2,1,50.0,0.37,0.19,0.00,0.00,27.3,0,0,0,0.0,0.0,0.02,0.0,0.0,Matches,f1bed920
441,Ángel Rodríguez,es ESP,FW,Getafe,31,1987,20.2,8,66,25,37.9,3.27,1.24,0.12,0.32,14.3,0,0,0,8.2,8.2,0.12,-0.2,-0.2,Matches,8cfc2f69
442,Óscar Rodríguez Arnaiz,es ESP,MFFW,Leganés,20,1998,27.8,4,59,21,35.6,2.12,0.75,0.07,0.19,24.0,10,0,0,3.6,3.6,0.06,+0.4,+0.4,Matches,19709006
443,Marko Rog,hr CRO,MF,Sevilla,23,1995,4.0,0,2,0,0.0,0.50,0.00,0.00,,28.1,0,0,0,0.0,0.0,0.02,0.0,0.0,Matches,b6b2b820
444,Diego Rolán,uy URU,MFDF,Leganés,25,1993,2.4,0,2,0,0.0,0.84,0.00,0.00,,17.7,0,0,0,0.1,0.1,0.04,-0.1,-0.1,Matches,d1491e00
445,Diego Rolán,uy URU,FWMF,Alavés,25,1993,3.3,0,8,2,25.0,2.42,0.60,0.00,0.00,9.5,0,0,0,0.6,0.6,0.07,-0.6,-0.6,Matches,d1491e00
446,Facundo Roncaglia,ar ARG,DF,Valencia,31,1987,6.7,0,2,0,0.0,0.30,0.00,0.00,,8.5,0,0,0,0.3,0.3,0.13,-0.3,-0.3,Matches,51e3954c
447,Facundo Roncaglia,ar ARG,DF,Celta Vigo,31,1987,11.9,0,1,0,0.0,0.08,0.00,0.00,,13.0,0,0,0,0.0,0.0,0.02,0.0,0.0,Matches,51e3954c
448,Roberto Rosales,ve VEN,DF,Espanyol,29,1988,19.4,3,18,5,27.8,0.93,0.26,0.17,0.60,23.9,2,0,0,0.7,0.7,0.04,+2.3,+2.3,Matches,81069528
449,Waldo Rubio,es ESP,MFFW,Valladolid,22,1995,5.5,1,12,7,58.3,2.20,1.28,0.08,0.14,22.5,0,0,0,0.4,0.4,0.04,+0.6,+0.6,Matches,ccaa5728
450,Abel Ruiz,es ESP,FW,Barcelona,18,2000,0.2,0,1,1,100.0,4.09,4.09,0.00,0.00,10.8,0,0,0,0.2,0.2,0.17,-0.2,-0.2,Matches,6cbf8d0d
451,Víctor Ruiz,es ESP,DF,Villarreal,29,1989,21.9,0,7,1,14.3,0.32,0.05,0.00,0.00,8.4,0,0,0,0.4,0.4,0.05,-0.4,-0.4,Matches,b3dc6eca
452,Gerónimo Rulli,ar ARG,GK,Real Sociedad,26,1992,27.0,0,0,0,,0.00,0.00,,,,0,0,0,0.0,0.0,,0.0,0.0,Matches,625c144a
453,Samuel Sáiz,es ESP,MFFW,Getafe,27,1991,3.4,1,7,4,57.1,2.07,1.18,0.14,0.25,23.9,2,0,0,0.3,0.3,0.05,+0.7,+0.7,Matches,13e0eb29
454,Mikel San José,es ESP,MF,Athletic Club,29,1989,19.3,0,12,3,25.0,0.62,0.16,0.00,0.00,16.2,0,0,0,0.9,0.9,0.07,-0.9,-0.9,Matches,003a5c72
455,Antonio Sanabria,py PAR,FW,Betis,22,1996,9.0,2,15,1,6.7,1.66,0.11,0.07,1.00,10.2,1,1,1,4.1,3.3,0.22,-2.1,-2.3,Matches,0a447501
456,Javi Sánchez,es ESP,DF,Real Madrid,21,1997,0.5,0,0,0,,0.00,0.00,,,,0,0,0,0.0,0.0,,0.0,0.0,Matches,60359288
457,Víctor Sánchez,es ESP,MF,Espanyol,30,1987,14.1,0,11,2,18.2,0.78,0.14,0.00,0.00,20.9,0,0,0,0.5,0.5,0.04,-0.5,-0.5,Matches,ad4d0985
458,Luca Sangalli,es ESP,MFFW,Real Sociedad,23,1995,11.1,1,11,5,45.5,0.99,0.45,0.09,0.20,19.4,0,0,0,1.2,1.2,0.11,-0.2,-0.2,Matches,7958dc65
459,Nicola Sansone,it ITA,MFFW,Villarreal,26,1991,0.4,1,2,1,50.0,4.86,2.43,0.50,1.00,18.7,0,0,0,0.1,0.1,0.05,+0.9,+0.9,Matches,7eb97a8e
460,Roberto Santamaría,es ESP,GK,Huesca,33,1985,20.0,0,0,0,,0.00,0.00,,,,0,0,0,0.0,0.0,,0.0,0.0,Matches,bca21ef3
461,Michael Santos,uy URU,FWMF,Leganés,25,1993,6.2,1,16,5,31.3,2.59,0.81,0.06,0.20,12.1,0,0,0,1.7,1.7,0.11,-0.7,-0.7,Matches,3cb6f224
462,Pablo Sarabia,es ESP,MFFW,Sevilla,26,1992,30.3,13,74,31,41.9,2.44,1.02,0.16,0.39,16.4,3,1,1,10.7,9.9,0.13,+2.3,+2.1,Matches,9744ff80
463,Lluís Sastre,es ESP,MF,Huesca,32,1986,1.3,0,0,0,,0.00,0.00,,,,0,0,0,0.0,0.0,,0.0,0.0,Matches,5f186f5c
464,Stefan Savić,me MNE,DF,Atlético Madrid,27,1991,15.5,0,7,0,0.0,0.45,0.00,0.00,,7.9,0,0,0,0.8,0.8,0.12,-0.8,-0.8,Matches,f6ac68c1
465,Alfa Semedo,gw GNB,MF,Espanyol,20,1997,0.5,0,1,0,0.0,2.00,0.00,0.00,,18.4,0,0,0,0.0,0.0,0.02,0.0,0.0,Matches,07750704
466,Nélson Semedo,pt POR,DF,Barcelona,24,1993,17.8,1,6,2,33.3,0.34,0.11,0.17,0.50,17.7,0,0,0,0.5,0.5,0.08,+0.5,+0.5,Matches,d04b94db
467,Rúben Semedo,pt POR,DF,Huesca,24,1994,9.4,0,7,0,0.0,0.74,0.00,0.00,,9.1,0,0,0,0.5,0.5,0.08,-0.5,-0.5,Matches,c904f3d5
468,Paik Seung-ho,kr KOR,FWMF,Girona,21,1997,0.7,0,1,0,0.0,1.50,0.00,0.00,,19.4,0,0,0,0.0,0.0,0.03,0.0,0.0,Matches,1e1bea09
469,Gaku Shibasaki,jp JPN,MFFW,Getafe,26,1992,4.3,0,6,1,16.7,1.39,0.23,0.00,0.00,23.0,0,0,0,0.4,0.4,0.06,-0.4,-0.4,Matches,d2ac648c
470,Sidnei,br BRA,DF,Betis,28,1989,19.4,1,9,2,22.2,0.46,0.10,0.11,0.50,11.9,0,0,0,1.3,1.3,0.15,-0.3,-0.3,Matches,b14d0c5d
471,André Silva,pt POR,FW,Sevilla,22,1995,24.0,9,61,25,41.0,2.54,1.04,0.15,0.36,12.2,0,0,0,9.6,9.6,0.16,-0.6,-0.6,Matches,3effaa34
472,Jonathan Silva,ar ARG,DF,Leganés,24,1994,30.0,3,23,9,39.1,0.77,0.30,0.13,0.33,17.7,0,0,0,1.7,1.7,0.07,+1.3,+1.3,Matches,f2308b33
473,Moses Simon,ng NGA,DFMF,Levante,23,1995,8.7,0,14,5,35.7,1.61,0.57,0.00,0.00,17.8,0,0,0,1.1,1.1,0.08,-1.1,-1.1,Matches,5f3eaaf5
474,Unai Simón,es ESP,GK,Athletic Club,21,1997,7.0,0,0,0,,0.00,0.00,,,,0,0,0,0.0,0.0,,0.0,0.0,Matches,5dcf3e90
475,Dimitris Siovas,gr GRE,DF,Leganés,29,1988,32.9,1,21,4,19.0,0.64,0.12,0.05,0.25,11.4,0,0,0,1.6,1.6,0.08,-0.6,-0.6,Matches,92d38e6c
476,Pione Sisto,dk DEN,FWMF,Celta Vigo,23,1995,9.4,2,18,9,50.0,1.92,0.96,0.11,0.22,21.3,2,0,0,1.2,1.2,0.07,+0.8,+0.8,Matches,fd9c4805
477,Antonio Sivera,es ESP,GK,Alavés,21,1996,3.0,0,0,0,,0.00,0.00,,,,0,0,0,0.0,0.0,,0.0,0.0,Matches,9970da54
478,Rubén Sobrino,es ESP,FWMF,Alavés,26,1992,10.7,3,20,7,35.0,1.87,0.65,0.15,0.43,15.1,0,0,0,2.4,2.4,0.12,+0.6,+0.6,Matches,19b776e9
479,Rubén Sobrino,es ESP,FWMF,Valencia,26,1992,2.1,0,3,0,0.0,1.40,0.00,0.00,,13.5,0,0,0,0.2,0.2,0.08,-0.2,-0.2,Matches,19b776e9
480,Alex Sola,es ESP,DF,Real Sociedad,19,1999,1.0,0,2,1,50.0,2.00,1.00,0.00,0.00,21.9,0,0,0,0.1,0.1,0.06,-0.1,-0.1,Matches,5fa714d5
481,Andrés Solano,co COL,DF,Atlético Madrid,20,1998,0.5,0,0,0,,0.00,0.00,,,,0,0,0,0.0,0.0,,0.0,0.0,Matches,c8764028
482,Carlos Soler,es ESP,MF,Valencia,21,1997,27.3,2,41,14,34.1,1.50,0.51,0.05,0.14,18.9,0,0,0,3.0,3.0,0.07,-1.0,-1.0,Matches,fed17f5a
483,Kévin Soni,cm CMR,FWDF,Girona,20,1998,0.9,0,4,1,25.0,4.39,1.10,0.00,0.00,21.7,0,0,0,0.2,0.2,0.05,-0.2,-0.2,Matches,6435143e
484,David Soria,es ESP,GK,Getafe,25,1993,37.0,0,0,0,,0.00,0.00,,,,0,0,0,0.0,0.0,,0.0,0.0,Matches,8f8c6934
485,Juan Soriano,es ESP,GK,Sevilla,20,1997,4.0,0,0,0,,0.00,0.00,,,,0,0,0,0.0,0.0,,0.0,0.0,Matches,5512b1a9
486,Cristhian Stuani,uy URU,FW,Girona,31,1986,30.3,19,70,33,47.1,2.31,1.09,0.20,0.42,11.0,0,5,5,12.5,8.9,0.13,+6.5,+5.1,Matches,220c11f1
487,Damián Suárez,uy URU,DF,Getafe,30,1988,36.0,0,16,1,6.3,0.44,0.03,0.00,0.00,29.3,3,0,0,0.5,0.5,0.03,-0.5,-0.5,Matches,ba5004e1
488,Denis Suárez,es ESP,MF,Barcelona,24,1994,0.2,0,1,1,100.0,4.74,4.74,0.00,0.00,9.8,0,0,0,0.3,0.3,0.33,-0.3,-0.3,Matches,12c50af5
489,Leonardo Suárez,ar ARG,FWMF,Valladolid,22,1996,5.7,2,10,4,40.0,1.74,0.70,0.20,0.50,18.9,0,0,0,1.9,1.9,0.19,+0.1,+0.1,Matches,25c72b36
490,Luis Suárez,uy URU,FW,Barcelona,31,1987,31.4,21,108,52,48.1,3.44,1.66,0.16,0.33,15.6,6,4,4,21.1,18.0,0.17,-0.1,-1.0,Matches,a6154613
491,Mario Suárez,es ESP,MF,Rayo Vallecano,31,1987,11.4,2,14,4,28.6,1.23,0.35,0.14,0.50,16.6,0,0,0,0.9,0.9,0.07,+1.1,+1.1,Matches,7106f0a0
492,Markel Susaeta,es ESP,FW,Athletic Club,30,1987,15.3,1,15,6,40.0,0.98,0.39,0.07,0.17,19.4,1,0,0,0.7,0.7,0.04,+0.3,+0.3,Matches,6fd1ba62
493,Rodrigo Tarín,es ESP,DF,Leganés,22,1996,15.9,0,4,0,0.0,0.25,0.00,0.00,,6.4,0,0,0,0.5,0.5,0.12,-0.5,-0.5,Matches,a03c82b2
494,Cristian Tello,es ESP,DFMF,Betis,26,1991,17.5,4,35,16,45.7,2.00,0.92,0.11,0.25,17.4,6,0,0,3.0,3.0,0.09,+1.0,+1.0,Matches,72a99e38
495,Marc-André ter Stegen,de GER,GK,Barcelona,26,1992,35.0,0,0,0,,0.00,0.00,,,,0,0,0,0.0,0.0,,0.0,0.0,Matches,6f51e382
496,David Timor,es ESP,MFFW,Girona,28,1989,1.8,0,4,0,0.0,2.21,0.00,0.00,,29.3,0,0,0,0.1,0.1,0.02,-0.1,-0.1,Matches,174651c8
497,Tito,es ESP,DF,Rayo Vallecano,33,1985,12.2,0,1,1,100.0,0.08,0.08,0.00,0.00,10.6,0,0,0,0.2,0.2,0.15,-0.2,-0.2,Matches,7cefa219
498,Jean-Clair Todibo,fr FRA,DF,Barcelona,18,1999,1.7,0,0,0,,0.00,0.00,,,,0,0,0,0.0,0.0,,0.0,0.0,Matches,88f130ed
499,Karl Toko Ekambi,cm CMR,FW,Villarreal,25,1992,23.8,10,57,32,56.1,2.39,1.34,0.18,0.31,14.5,0,0,1,10.4,9.7,0.17,-0.4,+0.3,Matches,5ceba7fc
500,Raúl de Tomás,es ESP,FW,Rayo Vallecano,23,1994,31.3,14,109,46,42.2,3.49,1.47,0.13,0.30,16.8,7,0,0,12.1,12.1,0.11,+1.9,+1.9,Matches,02ef8778
501,Toño,es ESP,DFMF,Levante,28,1989,19.6,2,14,4,28.6,0.71,0.20,0.14,0.50,25.6,1,0,0,1.2,1.2,0.09,+0.8,+0.8,Matches,d4ef9ac5
502,Daniel Torres,co COL,MF,Alavés,28,1989,0.8,0,0,0,,0.00,0.00,,,,0,0,0,0.0,0.0,,0.0,0.0,Matches,87882adc
503,Ferrán Torres,es ESP,MFFW,Valencia,18,2000,9.4,2,16,6,37.5,1.69,0.64,0.13,0.33,15.0,0,0,0,1.5,1.5,0.10,+0.5,+0.5,Matches,9e1035f8
504,Óscar Trejo,ar ARG,MFFW,Rayo Vallecano,30,1988,19.6,1,19,5,26.3,0.97,0.26,0.00,0.00,15.7,0,1,1,2.2,1.4,0.08,-1.2,-1.4,Matches,fc647b34
505,Manu Trigueros,es ESP,MF,Villarreal,26,1991,17.2,0,17,1,5.9,0.99,0.06,0.00,0.00,25.4,1,0,0,0.7,0.7,0.04,-0.7,-0.7,Matches,963829d0
506,Patrick Twumasi,gh GHA,MFFW,Alavés,24,1994,1.9,0,3,2,66.7,1.59,1.06,0.00,0.00,17.6,0,0,0,0.2,0.2,0.06,-0.2,-0.2,Matches,e3993b65
507,Samuel Umtiti,fr FRA,DF,Barcelona,24,1993,13.2,0,2,0,0.0,0.15,0.00,0.00,,9.5,0,0,0,0.2,0.2,0.10,-0.2,-0.2,Matches,3eed9821
508,Enes Ünal,tr TUR,FW,Valladolid,21,1997,23.9,6,49,13,26.5,2.05,0.54,0.06,0.23,15.7,1,3,3,7.3,5.1,0.10,-1.3,-2.1,Matches,f8eca1b6
509,Tomáš Vaclík,cz CZE,GK,Sevilla,29,1989,33.0,0,0,0,,0.00,0.00,,,,0,0,0,0.0,0.0,,0.0,0.0,Matches,7b456af7
510,Valery,es ESP,DFMF,Girona,18,1999,9.9,0,2,1,50.0,0.20,0.10,0.00,0.00,19.1,0,0,0,0.1,0.1,0.07,-0.1,-0.1,Matches,4acd733a
511,Jesús Vallejo,es ESP,DFMF,Real Madrid,21,1997,3.5,1,1,1,100.0,0.29,0.29,1.00,1.00,4.0,0,0,0,0.8,0.8,0.76,+0.2,+0.2,Matches,c2111b45
512,Federico Valverde,uy URU,MF,Real Madrid,20,1998,7.3,0,6,1,16.7,0.82,0.14,0.00,0.00,23.9,0,0,0,0.1,0.1,0.02,-0.1,-0.1,Matches,0959c2a2
513,Raphaël Varane,fr FRA,DF,Real Madrid,25,1993,30.6,2,17,3,17.6,0.56,0.10,0.12,0.67,8.7,0,0,0,2.0,2.0,0.12,0.0,0.0,Matches,9f8e9423
514,Franco Vázquez,ar ARG,MFFW,Sevilla,29,1989,25.3,3,44,9,20.5,1.74,0.36,0.07,0.33,16.8,0,0,0,5.1,5.1,0.12,-2.1,-2.1,Matches,467bae22
515,Kevin Vázquez,es ESP,DF,Celta Vigo,25,1993,2.4,0,0,0,,0.00,0.00,,,,0,0,0,0.0,0.0,,0.0,0.0,Matches,ee923664
516,Lucas Vázquez,es ESP,FW,Real Madrid,27,1991,16.8,1,23,10,43.5,1.37,0.60,0.04,0.10,16.3,0,0,0,2.6,2.6,0.11,-1.6,-1.6,Matches,fd51b456
517,Koke Vegas,es ESP,GK,Levante,22,1995,1.0,0,0,0,,0.00,0.00,,,,0,0,0,0.0,0.0,,0.0,0.0,Matches,bfb15d99
518,Emiliano Velázquez,uy URU,DF,Rayo Vallecano,24,1994,14.2,0,9,3,33.3,0.63,0.21,0.00,0.00,7.6,0,0,0,0.8,0.8,0.09,-0.8,-0.8,Matches,5efb80d5
519,Daniele Verde,it ITA,FWMF,Valladolid,22,1996,7.3,2,24,9,37.5,3.29,1.23,0.04,0.11,24.8,6,1,1,1.7,1.0,0.04,+0.3,0.0,Matches,d3298c99
520,Thomas Vermaelen,be BEL,DF,Barcelona,32,1985,6.5,0,2,0,0.0,0.31,0.00,0.00,,11.5,0,0,0,0.1,0.1,0.04,-0.1,-0.1,Matches,d0d79694
521,Mikel Vesga,es ESP,MF,Leganés,25,1993,23.0,1,11,2,18.2,0.48,0.09,0.09,0.50,15.9,0,0,0,0.5,0.5,0.04,+0.5,+0.5,Matches,b0fce72c
522,Rúben Vezo,pt POR,DF,Valencia,24,1994,2.2,0,2,0,0.0,0.92,0.00,0.00,,18.9,0,0,0,0.2,0.2,0.09,-0.2,-0.2,Matches,c67cd65c
523,Rúben Vezo,pt POR,DF,Levante,24,1994,14.9,2,6,3,50.0,0.40,0.20,0.33,0.67,10.9,0,0,0,0.6,0.6,0.11,+1.4,+1.4,Matches,c67cd65c
524,Aleix Vidal,es ESP,DFMF,Sevilla,28,1989,5.9,0,8,5,62.5,1.36,0.85,0.00,0.00,16.8,0,0,0,0.5,0.5,0.06,-0.5,-0.5,Matches,04965583
525,Arturo Vidal,cl CHI,MF,Barcelona,31,1987,21.4,3,25,9,36.0,1.17,0.42,0.12,0.33,14.0,0,0,0,3.4,3.4,0.14,-0.4,-0.4,Matches,67cdbc0e
526,Carlos Vigaray,es ESP,DF,Alavés,23,1994,7.2,0,1,0,0.0,0.14,0.00,0.00,,27.9,0,0,0,0.0,0.0,0.02,0.0,0.0,Matches,f69d934e
527,Dídac Vilà,es ESP,DF,Espanyol,29,1989,26.2,0,24,7,29.2,0.92,0.27,0.00,0.00,15.3,0,0,0,2.5,2.5,0.10,-2.5,-2.5,Matches,bad38a94
528,Toni Villa,es ESP,MFFW,Valladolid,23,1995,19.6,2,37,13,35.1,1.89,0.66,0.05,0.15,22.3,1,0,0,2.8,2.8,0.08,-0.8,-0.8,Matches,636eae97
529,Vitolo,es ESP,MFFW,Atlético Madrid,28,1989,8.4,0,7,1,14.3,0.84,0.12,0.00,0.00,16.0,0,0,0,0.6,0.6,0.09,-0.6,-0.6,Matches,db750822
530,Nikola Vukčević,me MNE,MF,Levante,26,1991,7.4,0,0,0,,0.00,0.00,,,,0,0,0,0.0,0.0,,0.0,0.0,Matches,4442fbcd
531,Moussa Wagué,sn SEN,DF,Barcelona,19,1998,2.5,0,1,1,100.0,0.40,0.40,0.00,0.00,12.1,0,0,0,0.1,0.1,0.13,-0.1,-0.1,Matches,808df563
532,Wakaso,gh GHA,MF,Alavés,28,1990,18.5,1,32,6,18.8,1.73,0.32,0.03,0.17,26.5,1,0,0,1.3,1.3,0.04,-0.3,-0.3,Matches,999908af
533,Daniel Wass,dk DEN,DFMF,Valencia,29,1989,26.2,1,31,3,9.7,1.19,0.11,0.03,0.33,22.4,6,0,0,1.6,1.6,0.05,-0.6,-0.6,Matches,d83bbc54
534,Axel Werner,ar ARG,GK,Huesca,22,1996,6.0,0,0,0,,0.00,0.00,,,,0,0,0,0.0,0.0,,0.0,0.0,Matches,c0b1a6da
535,Iñaki Williams,gh GHA,FW,Athletic Club,24,1994,33.6,12,72,32,44.4,2.14,0.95,0.17,0.38,13.2,0,0,0,12.1,12.1,0.17,-0.1,-0.1,Matches,6a99e0b1
536,Maximilian Wöber,at AUT,DF,Sevilla,20,1998,6.0,0,4,1,25.0,0.67,0.17,0.00,0.00,18.7,0,0,0,0.2,0.2,0.05,-0.2,-0.2,Matches,4b803b3c
537,Yoel,es ESP,GK,Valladolid,29,1988,3.0,0,0,0,,0.00,0.00,,,,0,0,0,0.0,0.0,,0.0,0.0,Matches,61bb7498
538,Okay Yokuşlu,tr TUR,MF,Celta Vigo,24,1994,24.4,2,19,5,26.3,0.78,0.20,0.11,0.40,15.9,0,0,0,1.7,1.7,0.09,+0.3,+0.3,Matches,e49ce451
539,Joseba Zaldúa,es ESP,DF,Real Sociedad,26,1992,23.8,1,5,2,40.0,0.21,0.08,0.20,0.50,25.9,0,0,0,0.1,0.1,0.02,+0.9,+0.9,Matches,5ca20b7a
540,Nabil El Zhar,ma MAR,MFFW,Leganés,31,1986,10.7,4,23,8,34.8,2.14,0.75,0.13,0.38,21.9,0,1,1,2.5,1.8,0.08,+1.5,+1.2,Matches,37f96552
541,Luca Zidane,fr FRA,GK,Real Madrid,20,1998,1.0,0,0,0,,0.00,0.00,,,,0,0,0,0.0,0.0,,0.0,0.0,Matches,c818c4d9
542,Igor Zubeldia,es ESP,MF,Real Sociedad,21,1997,28.3,0,16,4,25.0,0.56,0.14,0.00,0.00,25.7,0,0,0,0.6,0.6,0.04,-0.6,-0.6,Matches,5c7845f6
543,Martín Zubimendi,es ESP,MF,Real Sociedad,19,1999,0.1,0,0,0,,0.00,0.00,,,,0,0,0,0.0,0.0,,0.0,0.0,Matches,3ee0dd59
544,David Zurutuza,es ESP,MFFW,Real Sociedad,32,1986,13.6,2,10,2,20.0,0.74,0.15,0.20,1.00,16.5,0,0,0,1.5,1.5,0.15,+0.5,+0.5,Matches,d9bda115
