,,,,,,,,Tackles,Tackles,Tackles,Tackles,Tackles,Vs Dribbles,Vs Dribbles,Vs Dribbles,Vs Dribbles,Pressures,Pressures,Pressures,Pressures,Pressures,Pressures,Blocks,Blocks,Blocks,Blocks,,,,,,-additional
Rk,Player,Nation,Pos,Squad,Age,Born,90s,Tkl,TklW,Def 3rd,Mid 3rd,Att 3rd,Tkl,Att,Tkl%,Past,Press,Succ,%,Def 3rd,Mid 3rd,Att 3rd,Blocks,Sh,ShSv,Pass,Int,Tkl+Int,Clr,Err,Matches,-9999
1,Luis Abram,pe PER,DF,Granada,25,1996,6.2,7,6,5,1,1,3,4,75.0,1,35,13,37.1,14,20,1,13,5,2,8,11,18,39,1,Matches,1f462f95
2,Marcos Acuña,ar ARG,DF,Sevilla,29,1991,25.1,58,39,33,15,10,21,35,60.0,14,293,99,33.8,132,119,42,36,4,0,32,31,89,30,0,Matches,81442ecb
3,Martin Agirregabiria,es ESP,DF,Alavés,25,1996,18.0,42,23,22,12,8,22,43,51.2,21,231,58,25.1,97,104,30,33,3,0,30,24,66,44,0,Matches,355c883a
4,Julen Agirrezabala,es ESP,GK,Athletic Club,20,2000,4.0,0,0,0,0,0,0,0,,0,0,0,,0,0,0,0,0,0,0,0,0,1,0,Matches,a2c1a8d3
5,Sergio Agüero,ar ARG,FW,Barcelona,33,1988,1.7,1,1,0,0,1,0,1,0.0,1,18,4,22.2,0,8,10,0,0,0,0,0,1,0,0,Matches,4d034881
6,Álvaro Aguirre,es ESP,FW,Rayo Vallecano,21,2000,0.1,1,1,0,0,1,0,0,,0,3,1,33.3,0,0,3,0,0,0,0,0,1,0,0,Matches,93b054dc
7,Joseph Aidoo,gh GHA,DF,Celta Vigo,25,1995,29.3,58,41,46,8,4,22,33,66.7,11,318,124,39.0,207,98,13,49,17,0,32,55,113,130,2,Matches,18abe173
8,Carlos Akapo,gq EQG,DF,Cádiz,28,1993,20.5,53,34,34,14,5,12,31,38.7,19,291,104,35.7,164,95,32,35,8,0,27,65,118,53,0,Matches,f2a68b97
9,Ilias Akhomach,es ESP,FW,Barcelona,17,2004,1.4,2,0,0,1,1,0,0,,0,7,1,14.3,1,1,5,1,0,0,1,0,2,0,0,Matches,b8bd60fe
10,Paul Akouokou,ci CIV,MF,Betis,23,1997,5.7,17,12,5,9,3,9,13,69.2,4,113,38,33.6,34,67,12,7,0,0,7,12,29,9,0,Matches,31f5b89b
11,David Alaba,at AUT,DF,Real Madrid,29,1992,29.4,25,18,13,10,2,9,16,56.3,7,223,83,37.2,100,100,23,37,17,1,20,41,66,67,2,Matches,05439de2
12,Tomás Alarcón,cl CHI,MF,Cádiz,22,1999,15.8,30,15,14,11,5,10,22,45.5,12,260,85,32.7,128,104,28,32,6,0,26,27,57,45,0,Matches,99ea2ddd
13,Jordi Alba,es ESP,DF,Barcelona,32,1989,29.4,44,25,12,26,6,22,46,47.8,24,318,99,31.1,103,154,61,56,7,0,49,48,92,38,2,Matches,4601e194
14,Raúl Albiol,es ESP,DF,Villarreal,35,1985,27.4,27,15,17,10,0,9,14,64.3,5,168,68,40.5,89,73,6,38,16,1,22,37,64,143,0,Matches,4bd414c1
15,Paco Alcácer,es ESP,FW,Villarreal,27,1993,8.7,5,3,1,3,1,2,5,40.0,3,111,28,25.2,7,48,56,8,0,0,8,4,9,1,0,Matches,a7a9d95a
16,Rubén Alcaraz,es ESP,MF,Cádiz,30,1991,12.3,43,30,17,25,1,14,34,41.2,20,301,103,34.2,110,159,32,15,2,0,13,15,58,15,0,Matches,036bba5f
17,Omar Alderete,py PAR,DF,Valencia,24,1996,26.7,65,45,41,23,1,30,53,56.6,23,247,92,37.2,143,94,10,36,18,0,18,70,135,185,0,Matches,bb08bce9
18,Iván Alejo,es ESP,MFFW,Cádiz,26,1995,11.8,33,20,22,8,3,15,38,39.5,23,341,86,25.2,127,138,76,15,0,0,15,16,49,12,0,Matches,3d7e48ce
19,Carles Aleñá,es ESP,MF,Getafe,23,1998,25.8,34,22,16,13,5,16,48,33.3,32,551,128,23.2,117,311,123,27,2,0,25,19,53,10,0,Matches,6c811eb7
20,Mircea Alexandru Tirlea,ro ROU,DF,Alavés,21,2000,0.2,0,0,0,0,0,0,0,,0,4,2,50.0,0,2,2,1,0,0,1,1,1,1,0,Matches,683a1d81
21,Hugo Álvarez,es ESP,FW,Celta Vigo,18,2003,0.1,0,0,0,0,0,0,0,,0,3,1,33.3,2,1,0,1,0,0,1,0,0,1,0,Matches,6f392eb8
22,Yeray Álvarez,es ESP,DF,Athletic Club,26,1995,20.7,34,19,18,16,0,7,14,50.0,7,137,60,43.8,64,66,7,28,18,1,10,54,88,103,0,Matches,3ecc11d8
23,Dani Alves,br BRA,DF,Barcelona,38,1983,12.2,35,19,16,15,4,14,29,48.3,15,166,44,26.5,63,76,27,18,3,0,15,23,58,8,0,Matches,c9e99e49
24,Emmanuel Amankwaa Akurugu,gh GHA,DF,Getafe,19,2001,0.9,0,0,0,0,0,0,2,0.0,2,12,4,33.3,6,6,0,3,0,0,3,0,0,0,0,Matches,69c5633e
25,Amath,sn SEN,FWMF,Mallorca,25,1996,9.8,26,13,11,12,3,7,20,35.0,13,207,46,22.2,50,90,67,18,2,0,16,11,37,4,0,Matches,f3b1d9a2
26,Florin Andone,ro ROU,FW,Cádiz,28,1993,2.0,0,0,0,0,0,0,0,,0,28,8,28.6,1,14,13,2,0,0,2,1,1,1,0,Matches,dc008610
27,José Ángel,es ESP,DF,Osasuna,31,1989,12.0,29,24,12,14,3,13,21,61.9,8,117,38,32.5,45,56,16,16,1,0,15,18,47,22,0,Matches,3024e383
28,Josep Antoni Gayá,es ESP,DF,Mallorca,21,2000,0.6,0,0,0,0,0,0,0,,0,6,0,0.0,5,1,0,1,0,0,1,3,3,1,1,Matches,4a5f2032
29,Mauro Arambarri,uy URU,MF,Getafe,25,1995,29.6,64,37,22,32,10,17,57,29.8,40,634,162,25.6,175,385,74,54,5,0,49,47,111,24,1,Matches,58afe001
30,Néstor Araujo,mx MEX,DF,Celta Vigo,29,1991,29.1,27,17,22,5,0,9,18,50.0,9,191,73,38.2,101,81,9,30,12,1,18,53,80,146,0,Matches,27a013f7
31,Ronald Araújo,uy URU,DF,Barcelona,22,1999,25.2,49,33,37,11,1,23,30,76.7,7,220,85,38.6,117,92,11,50,21,1,29,37,86,78,2,Matches,2bef2bca
32,Jesús Areso,es ESP,DF,Osasuna,22,1999,2.1,5,3,1,3,1,1,2,50.0,1,24,11,45.8,11,11,2,1,0,0,1,1,6,3,0,Matches,94e01ec6
33,Matias Arezo,uy URU,FW,Granada,18,2002,1.8,5,2,1,1,3,3,9,33.3,6,39,11,28.2,8,14,17,1,0,0,1,1,6,1,0,Matches,484ebdb0
34,Santiago Arias,co COL,DF,Granada,29,1992,4.9,13,6,9,3,1,4,10,40.0,6,75,26,34.7,47,19,9,11,5,0,6,4,17,10,0,Matches,fdd60087
35,Santiago Arzamendia,py PAR,MFDF,Cádiz,23,1998,5.2,14,12,9,4,1,7,16,43.8,9,97,30,30.9,39,36,22,9,0,0,9,8,22,15,0,Matches,759d8dd7
36,Sergio Asenjo,es ESP,GK,Villarreal,32,1989,6.0,0,0,0,0,0,0,0,,0,0,0,,0,0,0,0,0,0,0,0,0,0,0,Matches,9f0ea33f
37,Alejandro Asensio,es ESP,FW,Rayo Vallecano,20,2000,0.1,0,0,0,0,0,0,0,,0,3,1,33.3,1,1,1,0,0,0,0,0,0,0,0,Matches,b4c23f36
38,Marco Asensio,es ESP,FWMF,Real Madrid,25,1996,19.2,16,10,8,6,2,7,20,35.0,13,184,44,23.9,37,76,71,15,1,0,14,25,41,5,1,Matches,45af8a54
39,Iago Aspas,es ESP,FW,Celta Vigo,33,1987,34.3,14,7,3,4,7,4,22,18.2,18,410,102,24.9,47,158,205,35,3,1,32,21,35,14,0,Matches,7dcf86f6
40,Pierre-Emerick Aubameyang,ga GAB,FW,Barcelona,32,1989,12.0,2,2,0,1,1,0,2,0.0,2,194,42,21.6,7,63,124,17,3,0,14,5,7,3,0,Matches,d5dd5f1f
41,Ludwig Augustinsson,se SWE,DF,Sevilla,27,1994,8.8,19,13,11,4,4,6,13,46.2,7,114,39,34.2,57,30,27,19,4,0,15,9,28,28,0,Matches,9fec8860
42,Serge Aurier,ci CIV,DF,Villarreal,28,1992,11.2,21,14,12,7,2,6,10,60.0,4,136,42,30.9,61,49,26,22,7,1,15,23,44,18,0,Matches,5c2b4f07
43,Ezequiel Ávila,ar ARG,FWMF,Osasuna,27,1994,20.8,16,9,6,9,1,12,26,46.2,14,268,78,29.1,38,112,118,26,2,0,24,24,40,14,0,Matches,253a06b9
44,Iddrisu Baba,gh GHA,MF,Mallorca,25,1996,21.5,71,51,37,31,3,21,37,56.8,16,388,127,32.7,150,206,32,34,6,0,28,36,107,44,1,Matches,bfd381b3
45,Carlos Bacca,co COL,FW,Granada,34,1986,5.7,5,3,2,1,2,1,4,25.0,3,61,17,27.9,10,29,22,8,2,0,6,1,6,5,0,Matches,09a9e921
46,Édgar Badía,es ESP,GK,Elche,29,1992,24.0,0,0,0,0,0,0,1,0.0,1,2,0,0.0,2,0,0,0,0,0,0,1,1,1,0,Matches,e4346678
47,Miguel Baeza,es ESP,DF,Celta Vigo,21,2000,0.0,0,0,0,0,0,0,0,,0,0,0,,0,0,0,0,0,0,0,0,0,0,0,Matches,a98f3cbf
48,Alejandro Balde,es ESP,DFFW,Barcelona,17,2003,2.1,4,2,2,1,1,0,0,,0,38,9,23.7,17,12,9,5,2,0,3,2,6,0,0,Matches,5ccc9672
49,Gareth Bale,wls WAL,FW,Real Madrid,32,1989,3.1,1,1,0,0,1,0,4,0.0,4,36,15,41.7,5,21,10,2,0,0,2,5,6,1,0,Matches,a58bb1e1
50,Mikel Balenziaga,es ESP,DF,Athletic Club,33,1988,22.5,50,36,20,27,3,26,45,57.8,19,270,79,29.3,89,139,42,55,4,0,51,52,102,69,0,Matches,1fe67e86
51,Iván Balliu,al ALB,DF,Rayo Vallecano,29,1992,35.0,32,15,13,11,8,11,27,40.7,16,316,93,29.4,135,113,68,49,7,0,42,58,90,73,0,Matches,cee88597
52,Barbero,es ESP,MFFW,Osasuna,22,1998,0.2,1,1,1,0,0,0,0,,0,10,1,10.0,1,3,6,0,0,0,0,0,1,0,0,Matches,981c1863
53,Barcia,es ESP,DF,Granada,20,2000,0.8,0,0,0,0,0,0,0,,0,9,1,11.1,7,2,0,1,1,0,0,2,2,0,0,Matches,0c717ae6
54,Enis Bardhi,mk MKD,MFFW,Levante,26,1995,18.9,24,15,8,13,3,6,23,26.1,17,333,69,20.7,76,170,87,17,2,0,15,18,42,7,0,Matches,cac2537b
55,Keidi Bare,al ALB,MF,Espanyol,23,1997,16.5,33,20,14,16,3,11,30,36.7,19,307,85,27.7,124,152,31,25,10,0,15,30,63,25,0,Matches,03049c8c
56,Kike Barja,es ESP,MFFW,Osasuna,24,1997,9.6,16,7,3,7,6,8,24,33.3,16,148,52,35.1,24,72,52,16,2,0,14,16,32,3,0,Matches,aad53e64
57,Antonio Barragán,es ESP,DF,Elche,34,1987,11.3,27,10,18,8,1,13,17,76.5,4,93,24,25.8,48,38,7,22,2,0,20,22,49,29,0,Matches,487d9b09
58,Ander Barrenetxea,es ESP,FWMF,Real Sociedad,19,2001,6.1,21,15,13,7,1,7,18,38.9,11,130,38,29.2,34,55,41,5,0,0,5,7,28,3,0,Matches,200e89e1
59,Marc Bartra,es ESP,DF,Betis,30,1991,22.1,44,20,25,16,3,20,41,48.8,21,203,68,33.5,112,78,13,50,21,0,29,43,87,122,2,Matches,b742cc0d
60,Álvaro Bastida,es ESP,MF,Cádiz,17,2004,2.2,5,2,1,4,0,2,3,66.7,1,44,8,18.2,12,31,1,0,0,0,0,4,9,0,0,Matches,42a028c5
61,Rodrigo Battaglia,ar ARG,MF,Mallorca,30,1991,13.1,37,30,19,18,0,12,27,44.4,15,250,78,31.2,102,136,12,26,13,1,13,20,57,38,0,Matches,d637fc22
62,Jon Bautista,es ESP,FWMF,Real Sociedad,26,1995,0.5,3,0,0,2,1,0,1,0.0,1,16,2,12.5,0,6,10,1,0,0,1,1,4,1,0,Matches,debc6b55
63,Bebé,cv CPV,FWMF,Rayo Vallecano,31,1990,9.6,10,5,3,4,3,3,10,30.0,7,134,32,23.9,28,46,60,21,0,0,21,8,18,9,0,Matches,d8712bf9
64,Héctor Bellerín,es ESP,DF,Betis,26,1995,22.0,45,19,24,16,5,31,48,64.6,17,222,65,29.3,87,95,40,30,2,0,28,23,68,64,2,Matches,f874dd44
65,Fran Beltrán,es ESP,MF,Celta Vigo,22,1999,28.9,76,49,33,36,7,33,74,44.6,41,576,211,36.6,197,304,75,48,4,0,44,54,130,31,1,Matches,ed5c5fa3
66,Darío Benedetto,ar ARG,FW,Elche,31,1990,6.6,4,0,2,1,1,1,4,25.0,3,77,16,20.8,7,49,21,4,0,0,4,2,6,2,0,Matches,bef0a7ac
67,Iker Benito,es ESP,MFFW,Osasuna,18,2002,1.3,1,1,1,0,0,0,1,0.0,1,26,2,7.7,3,13,10,5,0,0,5,0,1,1,0,Matches,50cbc806
68,Pedro Benito,es ESP,FW,Cádiz,21,2000,0.3,0,0,0,0,0,0,1,0.0,1,15,2,13.3,0,10,5,0,0,0,0,0,0,0,0,Matches,a7416105
69,Karim Benzema,fr FRA,FW,Real Madrid,33,1987,28.8,11,5,2,5,4,2,9,22.2,7,261,76,29.1,17,79,165,10,0,0,10,7,18,15,0,Matches,70d74ece
70,Yuri Berchiche,es ESP,DF,Athletic Club,31,1990,11.3,29,18,15,10,4,8,16,50.0,8,155,49,31.6,72,63,20,29,7,0,22,28,57,22,0,Matches,b6e50615
71,Álex Berenguer,es ESP,MFFW,Athletic Club,26,1995,24.1,47,31,21,15,11,11,47,23.4,36,596,145,24.3,135,279,182,55,2,0,53,24,71,19,0,Matches,dc1c2fce
72,Pedro Bigas,es ESP,DF,Elche,30,1990,17.2,27,21,21,4,2,8,20,40.0,12,146,49,33.6,93,44,9,23,14,0,9,32,59,78,1,Matches,697295b1
73,Blanco,es ESP,MF,Real Madrid,21,2000,0.3,0,0,0,0,0,0,1,0.0,1,9,2,22.2,6,3,0,1,1,0,0,2,2,1,1,Matches,506daeac
74,Yassine Bounou,ma MAR,GK,Sevilla,30,1991,31.0,0,0,0,0,0,0,0,,0,1,0,0.0,0,0,1,0,0,0,0,0,0,0,1,Matches,f6798fc3
75,Lucas Boyé,ar ARG,FW,Elche,25,1996,19.0,28,17,4,18,6,7,17,41.2,10,327,84,25.7,27,184,116,22,2,0,20,10,38,19,0,Matches,d49f3e6b
76,Martin Braithwaite,dk DEN,FW,Barcelona,30,1991,2.6,1,1,0,0,1,0,0,,0,32,15,46.9,3,10,19,4,0,0,4,0,1,4,0,Matches,fd771f95
77,Darko Brašanac,rs SRB,MF,Osasuna,29,1992,26.7,45,34,17,18,10,13,45,28.9,32,519,150,28.9,95,229,195,36,9,0,27,29,74,28,0,Matches,4accb7e0
78,Claudio Bravo,cl CHI,GK,Betis,38,1983,16.2,0,0,0,0,0,0,0,,0,3,0,0.0,3,0,0,0,0,0,0,0,0,1,0,Matches,10072610
79,Yan Brice Eteki,cm CMR,MF,Granada,23,1997,3.8,7,5,2,5,0,3,8,37.5,5,102,30,29.4,35,56,11,6,3,0,3,3,10,7,1,Matches,3d688b46
80,Bryan,es ESP,MFFW,Valencia,20,2001,8.4,13,7,4,5,4,1,16,6.3,15,182,45,24.7,45,75,62,12,0,0,12,6,19,3,0,Matches,7b5ab7f2
81,Ante Budimir,hr CRO,FW,Osasuna,30,1991,19.3,23,11,2,15,6,4,15,26.7,11,403,108,26.8,25,171,207,24,7,0,17,7,30,12,0,Matches,8f3565b3
82,Sergio Busquets,es ESP,MF,Barcelona,33,1988,35.5,95,72,34,49,12,46,85,54.1,39,633,217,34.3,185,343,105,58,8,0,50,57,152,51,0,Matches,5ab0ea87
83,Adrián Butzke,es ESP,FW,Granada,22,1999,0.0,0,0,0,0,0,0,0,,0,0,0,,0,0,0,0,0,0,0,0,0,0,0,Matches,505dce2b
84,Erick Cabaco,uy URU,DF,Getafe,26,1995,4.5,2,1,1,1,0,2,4,50.0,2,36,10,27.8,17,17,2,8,3,0,5,7,9,20,0,Matches,e7ab4179
85,Leandro Cabrera,uy URU,DF,Espanyol,30,1991,37.0,43,27,32,10,1,21,41,51.2,20,279,86,30.8,184,75,20,46,23,1,23,65,108,237,3,Matches,69cbc8b6
86,Martín Cáceres,uy URU,DF,Levante,34,1987,7.4,3,1,3,0,0,2,8,25.0,6,58,17,29.3,37,17,4,9,5,0,4,10,13,18,1,Matches,e94d79e3
87,Cala,es ESP,DF,Cádiz,31,1989,10.5,15,8,12,3,0,8,14,57.1,6,87,26,29.9,62,21,4,17,8,0,9,23,38,57,1,Matches,fe05804b
88,Calderón,es ESP,DF,Betis,21,2000,0.7,1,1,1,0,0,0,2,0.0,2,2,0,0.0,1,0,1,2,0,0,2,1,2,1,0,Matches,da4e70e5
89,Fernando Calero,es ESP,DF,Espanyol,25,1995,12.1,25,14,17,8,0,9,16,56.3,7,150,54,36.0,99,48,3,9,2,0,7,28,53,60,0,Matches,41b3069f
90,Víctor Camarasa,es ESP,MFFW,Betis,27,1994,1.2,1,1,1,0,0,0,1,0.0,1,19,4,21.1,6,9,4,3,1,0,2,3,4,2,0,Matches,b2d03887
91,Eduardo Camavinga,fr FRA,MF,Real Madrid,18,2002,13.7,50,32,21,21,8,18,33,54.5,15,345,91,26.4,115,172,58,28,2,0,26,18,68,16,0,Matches,7b9c2d84
92,José Campaña,es ESP,MF,Levante,28,1993,15.8,31,15,14,15,2,14,37,37.8,23,286,81,28.3,87,145,54,15,2,0,13,27,58,13,0,Matches,61220da2
93,Sergio Canales,es ESP,FWMF,Betis,30,1991,31.0,31,27,10,13,8,10,32,31.3,22,318,96,30.2,73,153,92,20,1,0,19,19,50,13,0,Matches,a6de370d
94,Álex Cantero,es ESP,FWMF,Levante,21,2000,6.8,11,8,6,2,3,4,8,50.0,4,157,47,29.9,26,69,62,4,0,0,4,1,12,2,0,Matches,4aa253fd
95,Ander Capa,es ESP,DF,Athletic Club,29,1992,0.0,0,0,0,0,0,0,0,,0,1,1,100.0,1,0,0,0,0,0,0,0,0,0,0,Matches,37f1cf47
96,Étienne Capoue,fr FRA,MF,Villarreal,33,1988,25.4,50,34,24,24,2,12,27,44.4,15,341,124,36.4,116,186,39,24,5,0,19,36,86,61,0,Matches,5acc4a10
97,Isaac Carcelen,es ESP,DFMF,Cádiz,28,1993,17.2,50,23,35,12,3,28,59,47.5,31,295,83,28.1,137,125,33,44,6,0,38,41,91,46,0,Matches,c4b888df
98,Cárdenas,es ESP,GK,Levante,24,1997,24.0,0,0,0,0,0,0,2,0.0,2,2,0,0.0,2,0,0,0,0,0,0,0,0,0,2,Matches,e1846dde
99,Carlo,es ESP,MF,Villarreal,20,2001,0.1,0,0,0,0,0,0,0,,0,1,0,0.0,1,0,0,0,0,0,0,0,0,0,0,Matches,8249ff06
100,Diego Carlos,br BRA,DF,Sevilla,28,1993,32.9,47,38,32,13,2,14,21,66.7,7,202,80,39.6,120,64,18,58,36,0,22,52,99,140,4,Matches,b4a014b1
101,Carmona,es ESP,DF,Sevilla,19,2002,0.3,0,0,0,0,0,0,0,,0,2,2,100.0,2,0,0,0,0,0,0,1,1,1,0,Matches,2dce876a
102,Yannick Carrasco,be BEL,DFMF,Atlético Madrid,27,1993,28.7,36,23,16,12,8,22,46,47.8,24,340,108,31.8,105,119,116,23,6,0,17,37,73,16,0,Matches,de39485a
103,Guido Carrillo,ar ARG,FW,Elche,30,1991,13.0,10,7,3,2,5,1,9,11.1,8,230,57,24.8,23,124,83,11,2,0,9,5,15,25,0,Matches,8f898ba8
104,Dani Carvajal,es ESP,DF,Real Madrid,29,1992,17.2,35,22,15,12,8,12,31,38.7,19,233,65,27.9,90,85,58,33,9,0,24,34,69,35,2,Matches,4958bfb2
105,William Carvalho,pt POR,MF,Betis,29,1992,20.1,48,34,19,27,2,18,38,47.4,20,291,88,30.2,95,173,23,23,7,0,16,22,70,30,0,Matches,dee86451
106,Casemiro,br BRA,MF,Real Madrid,29,1992,28.5,90,64,51,34,5,32,70,45.7,38,445,179,40.2,209,189,47,65,19,0,46,59,149,84,3,Matches,4d224fe8
107,Kiko Casilla,es ESP,GK,Elche,34,1986,14.0,0,0,0,0,0,0,2,0.0,2,0,0,,0,0,0,2,0,0,2,0,0,2,1,Matches,58bc7d18
108,Catena,es ESP,DF,Rayo Vallecano,26,1994,36.0,36,22,21,15,0,20,36,55.6,16,190,68,35.8,110,73,7,50,27,2,23,55,91,191,0,Matches,274ab13c
109,Dani Ceballos,es ESP,MF,Real Madrid,24,1996,3.1,12,6,5,7,0,5,8,62.5,3,66,20,30.3,18,32,16,6,2,0,4,7,19,0,0,Matches,c0617e2b
110,Franco Cervi,ar ARG,MF,Celta Vigo,27,1994,20.0,69,46,32,23,14,16,60,26.7,44,444,129,29.1,152,200,92,54,2,0,52,40,109,16,0,Matches,5e1028e5
111,Chapela,es ESP,MFFW,Cádiz,22,1999,4.4,7,3,2,1,4,0,5,0.0,5,85,19,22.4,31,34,20,7,1,0,6,6,13,5,0,Matches,9ed40a69
112,Chema,es ESP,MF,Getafe,29,1992,0.5,0,0,0,0,0,0,1,0.0,1,13,1,7.7,6,6,1,0,0,0,0,0,0,0,0,Matches,7f203b54
113,Denis Cheryshev,ru RUS,MF,Valencia,30,1990,6.3,10,5,5,1,4,5,14,35.7,9,111,25,22.5,20,55,36,11,1,0,10,13,23,12,0,Matches,0ac94a23
114,Samuel Chukwueze,ng NGA,MFFW,Villarreal,22,1999,14.8,11,7,4,6,1,5,8,62.5,3,160,51,31.9,42,52,66,6,0,0,6,15,26,5,0,Matches,b8a642fc
115,Víctor Chust,es ESP,DF,Cádiz,21,2000,20.3,23,14,17,2,4,7,15,46.7,8,186,77,41.4,108,65,13,31,11,0,20,30,53,93,1,Matches,ec1a731e
116,Jasper Cillessen,nl NED,GK,Valencia,32,1989,16.2,0,0,0,0,0,0,1,0.0,1,1,0,0.0,1,0,0,0,0,0,0,0,0,3,0,Matches,04ac8285
117,Pathé Ciss,sn SEN,MF,Rayo Vallecano,27,1994,12.2,33,19,15,15,3,12,26,46.2,14,198,63,31.8,89,97,12,26,8,0,18,31,64,38,0,Matches,9a0408b6
118,Carlos Clerc,es ESP,DF,Levante,29,1992,16.8,38,17,23,11,4,8,22,36.4,14,229,67,29.3,111,93,25,26,2,0,24,27,65,40,1,Matches,33a61a52
119,Coke,es ESP,DF,Levante,34,1987,1.3,4,3,1,2,1,3,3,100.0,0,16,8,50.0,5,8,3,1,0,0,1,2,6,8,0,Matches,6d8f8441
120,Álex Collado,es ESP,MFFW,Granada,22,1999,11.3,33,18,9,17,7,9,28,32.1,19,362,76,21.0,74,193,95,29,3,0,26,24,57,7,0,Matches,85dace26
121,Eray Cömert,ch SUI,DF,Valencia,23,1998,4.5,5,2,4,1,0,3,5,60.0,2,39,11,28.2,22,16,1,4,3,0,1,6,11,11,0,Matches,15937e17
122,Santi Comesaña,es ESP,MF,Rayo Vallecano,24,1996,29.8,91,64,49,31,11,34,96,35.4,62,790,247,31.3,267,388,135,61,8,0,53,54,145,39,2,Matches,5ae499d0
123,Diego Conde,es ESP,GK,Getafe,22,1998,0.1,0,0,0,0,0,0,0,,0,0,0,,0,0,0,0,0,0,0,0,0,0,0,Matches,4eae5bc4
124,Francis Coquelin,fr FRA,MF,Villarreal,30,1991,9.2,28,14,8,16,4,11,17,64.7,6,158,66,41.8,45,71,42,14,4,0,10,16,44,11,0,Matches,a6951bf8
125,Jesús Corona,mx MEX,FWDF,Sevilla,28,1993,12.9,13,7,8,3,2,3,7,42.9,4,131,41,31.3,32,55,44,8,0,0,8,13,26,4,0,Matches,fb938d24
126,Ángel Correa,ar ARG,FWMF,Atlético Madrid,26,1995,20.6,24,15,7,13,4,7,24,29.2,17,406,112,27.6,58,161,187,29,3,0,26,15,39,4,0,Matches,01eb744d
127,Thierry Correia,pt POR,DF,Valencia,22,1999,15.7,49,31,31,15,3,12,28,42.9,16,339,98,28.9,166,104,69,31,5,0,26,35,84,29,0,Matches,c78b352d
128,Hélder Costa,ao ANG,MFFW,Valencia,27,1994,12.4,25,17,9,5,11,11,32,34.4,21,328,79,24.1,96,148,84,18,2,0,16,13,38,9,0,Matches,f13d02a6
129,Jaume Costa,es ESP,DF,Mallorca,33,1988,20.3,43,24,24,13,6,17,26,65.4,9,183,56,30.6,71,72,40,32,8,0,24,27,70,50,0,Matches,808d48f3
130,Thibaut Courtois,be BEL,GK,Real Madrid,29,1992,36.0,0,0,0,0,0,0,1,0.0,1,4,0,0.0,4,0,0,0,0,0,0,0,0,1,1,Matches,1840e36d
131,Philippe Coutinho,br BRA,MFFW,Barcelona,29,1992,5.6,8,5,2,3,3,3,8,37.5,5,63,16,25.4,12,28,23,8,0,0,8,6,14,1,1,Matches,0ef89a37
132,Cristo,es ESP,DF,Real Sociedad,21,2000,0.2,0,0,0,0,0,0,1,0.0,1,4,0,0.0,0,3,1,0,0,0,0,0,0,0,0,Matches,ad81ba78
133,Juan Cruz Armada,es ESP,DF,Osasuna,29,1992,21.5,28,15,21,6,1,11,20,55.0,9,155,55,35.5,77,69,9,26,13,0,13,44,72,54,0,Matches,a56da3ba
134,Marc Cucurella,es ESP,FWDF,Getafe,23,1998,0.3,1,1,1,0,0,0,0,,0,1,1,100.0,1,0,0,0,0,0,0,2,3,0,0,Matches,1daec722
135,Jorge Cuenca,es ESP,DF,Getafe,21,1999,29.8,54,26,41,12,1,20,30,66.7,10,238,77,32.4,141,91,6,51,18,1,33,60,114,148,1,Matches,0abc51f2
136,Matheus Cunha,br BRA,FW,Atlético Madrid,22,1999,11.8,26,17,6,13,7,3,12,25.0,9,260,72,27.7,29,110,121,15,4,0,11,8,34,8,0,Matches,dc62b55d
137,Sergi Darder,es ESP,MF,Espanyol,27,1993,34.7,43,26,18,16,9,12,49,24.5,37,530,127,24.0,151,290,89,34,2,0,32,44,87,32,2,Matches,070a3904
138,Rodrigo De Paul,ar ARG,MF,Atlético Madrid,27,1994,23.9,56,30,22,25,9,23,50,46.0,27,505,123,24.4,138,281,86,35,3,0,32,31,87,19,0,Matches,162efffd
139,Thomas Delaney,dk DEN,MF,Sevilla,29,1991,17.2,43,24,19,21,3,9,24,37.5,15,267,76,28.5,97,144,26,30,13,0,17,21,64,36,1,Matches,fe641c1a
140,Ousmane Dembélé,fr FRA,FW,Barcelona,24,1997,15.7,26,19,8,11,7,8,23,34.8,15,236,65,27.5,49,102,85,11,0,0,11,13,39,1,0,Matches,b19db005
141,Yusuf Demir,at AUT,FW,Barcelona,18,2003,2.1,2,1,2,0,0,0,4,0.0,4,39,19,48.7,17,13,9,5,0,0,5,0,2,1,0,Matches,fa265f6d
142,Memphis Depay,nl NED,FW,Barcelona,27,1994,20.6,12,7,3,3,6,2,10,20.0,8,210,62,29.5,14,85,111,13,2,0,11,6,18,3,0,Matches,8f696594
143,Sergiño Dest,us USA,DFFW,Barcelona,20,2000,16.8,36,24,22,10,4,19,28,67.9,9,237,82,34.6,105,77,55,26,4,0,22,17,53,14,0,Matches,5976f83e
144,Boulaye Dia,sn SEN,FW,Villarreal,24,1996,14.1,10,9,3,4,3,1,5,20.0,4,209,56,26.8,22,78,109,11,1,0,10,8,18,4,0,Matches,244bc2c8
145,Mouctar Diakhaby,gn GUI,DF,Valencia,24,1996,21.6,45,32,26,16,3,17,25,68.0,8,241,84,34.9,119,107,15,50,20,0,30,57,102,106,0,Matches,d2110326
146,Javier Díaz,es ESP,GK,Sevilla,24,1997,1.0,0,0,0,0,0,0,0,,0,0,0,,0,0,0,0,0,0,0,0,0,0,0,Matches,17a1299d
147,Víctor Díaz,es ESP,DF,Granada,33,1988,16.7,26,14,14,11,1,14,27,51.9,13,154,49,31.8,85,62,7,27,15,0,12,31,57,73,0,Matches,3624ce4c
148,Landry Dimata,be BEL,FWMF,Espanyol,23,1997,6.0,3,2,1,1,1,0,2,0.0,2,90,25,27.8,7,45,38,2,0,0,2,3,6,7,0,Matches,b5f63410
149,Stole Dimitrievski,mk MKD,GK,Rayo Vallecano,27,1993,30.8,0,0,0,0,0,0,0,,0,2,0,0.0,2,0,0,0,0,0,0,0,0,1,2,Matches,fc70e345
150,Matías Dituro,ar ARG,GK,Celta Vigo,34,1987,38.0,0,0,0,0,0,0,0,,0,3,1,33.3,3,0,0,0,0,0,0,0,0,1,2,Matches,b6160ad0
151,Djené,tg TOG,DF,Getafe,29,1991,34.6,52,36,29,19,4,18,28,64.3,10,297,104,35.0,163,121,13,36,5,0,31,93,145,133,2,Matches,a4971d84
152,Naïs Djouahra,fr FRA,FWMF,Real Sociedad,21,1999,2.4,4,2,1,2,1,2,7,28.6,5,42,13,31.0,15,15,12,5,0,0,5,2,6,2,0,Matches,3594a357
153,Marko Dmitrović,rs SRB,GK,Sevilla,29,1992,6.0,0,0,0,0,0,0,0,,0,0,0,,0,0,0,0,0,0,0,0,0,0,1,Matches,ac295d9e
154,Jaume Doménech,es ESP,GK,Valencia,30,1990,3.8,0,0,0,0,0,0,0,,0,1,0,0.0,1,0,0,0,0,0,0,0,0,0,2,Matches,c9cb972b
155,Carlos Dominguez,es ESP,DF,Celta Vigo,20,2001,3.8,7,5,7,0,0,2,5,40.0,3,48,17,35.4,34,14,0,5,1,0,4,7,14,23,0,Matches,3521abfe
156,Mario Dominguez,es ESP,FW,Valencia,17,2004,0.3,0,0,0,0,0,0,0,,0,7,2,28.6,0,1,6,0,0,0,0,0,0,0,0,Matches,d709cd5c
157,John Donald,es ESP,DF,Elche,20,2000,2.0,8,6,4,3,1,2,5,40.0,3,34,14,41.2,18,15,1,6,3,0,3,3,11,3,0,Matches,5e95c000
158,Domingos Duarte,pt POR,DF,Granada,26,1995,18.7,20,9,11,8,1,6,10,60.0,4,122,41,33.6,65,51,6,33,21,1,12,26,46,98,3,Matches,93090f69
159,Óscar Duarte,cr CRC,DF,Levante,32,1989,19.7,19,14,11,8,0,6,14,42.9,8,154,54,35.1,77,69,8,25,11,0,14,27,46,102,0,Matches,aa0ac32d
160,Rubén Duarte,es ESP,DF,Alavés,25,1995,29.1,79,40,44,29,6,34,75,45.3,41,391,110,28.1,192,147,52,79,6,0,73,68,147,99,0,Matches,1fe0492d
161,Unai Dufur,es ESP,DF,Osasuna,22,1999,1.0,1,1,0,1,0,0,0,,0,7,3,42.9,4,3,0,1,0,0,1,3,4,3,0,Matches,c261b5dd
162,Hugo Duro,es ESP,FWMF,Valencia,21,1999,20.4,31,20,12,15,4,11,40,27.5,29,524,140,26.7,104,228,192,30,2,0,28,8,39,13,1,Matches,37e103f8
163,Hugo Duro,es ESP,DFMF,Getafe,21,1999,0.1,0,0,0,0,0,0,0,,0,1,0,0.0,0,0,1,0,0,0,0,0,0,0,0,Matches,37e103f8
164,Aritz Elustondo,es ESP,DF,Real Sociedad,27,1994,23.4,26,16,20,6,0,6,14,42.9,8,168,62,36.9,88,65,15,32,14,0,18,50,76,103,0,Matches,f7dc2ae5
165,Adri Embarba,es ESP,FWMF,Espanyol,29,1992,22.1,42,25,21,12,9,14,47,29.8,33,349,87,24.9,101,154,94,42,3,0,39,29,71,27,0,Matches,db8f0eba
166,Emerson,br BRA,DF,Barcelona,22,1999,1.0,4,3,2,2,0,2,4,50.0,2,26,6,23.1,11,11,4,1,0,0,1,2,6,1,0,Matches,df8b52a5
167,Youssef En-Nesyri,ma MAR,FW,Sevilla,24,1997,14.2,9,5,4,3,2,3,12,25.0,9,226,51,22.6,15,109,102,13,5,0,8,5,14,18,0,Matches,04e17fd5
168,Gonzalo Escalante,ar ARG,MF,Alavés,28,1993,14.4,30,16,11,18,1,11,36,30.6,25,272,77,28.3,81,155,36,34,3,0,31,33,63,27,0,Matches,3f79a1c8
169,Aarón Escandell,es ESP,GK,Granada,25,1995,3.2,0,0,0,0,0,0,1,0.0,1,1,0,0.0,1,0,0,0,0,0,0,0,0,1,0,Matches,67669ce7
170,Sergio Escudero,es ESP,DFMF,Granada,31,1989,15.9,47,23,23,19,5,20,46,43.5,26,235,75,31.9,107,95,33,36,4,0,32,33,80,45,0,Matches,b0616e3d
171,Alfonso Espino,uy URU,DF,Cádiz,29,1992,37.0,113,78,61,39,13,43,116,37.1,73,725,223,30.8,364,264,97,84,12,0,72,91,204,86,2,Matches,db001fa9
172,Estanis,es ESP,FW,Barcelona,17,2003,0.1,1,1,0,1,0,1,1,100.0,0,6,3,50.0,2,4,0,0,0,0,0,1,2,0,0,Matches,ace50e9f
173,Pervis Estupiñán,ec ECU,DF,Villarreal,23,1998,17.5,38,20,22,11,5,18,29,62.1,11,231,83,35.9,122,72,37,37,6,0,31,48,86,24,3,Matches,d38fdf53
174,Abdessamad Ezzalzouli,ma MAR,FWDF,Barcelona,19,2001,6.4,15,10,9,4,2,5,8,62.5,3,101,33,32.7,28,39,34,6,0,0,6,11,26,0,0,Matches,bed68338
175,Radamel Falcao,co COL,FW,Rayo Vallecano,35,1986,9.3,3,1,1,1,1,0,2,0.0,2,148,46,31.1,8,62,78,5,1,0,4,0,3,12,0,Matches,66116290
176,Fali,es ESP,DFMF,Cádiz,27,1993,20.0,38,27,30,8,0,16,31,51.6,15,208,69,33.2,139,64,5,37,16,0,21,35,73,80,0,Matches,72a84002
177,Omar Faraj,se SWE,FW,Levante,19,2002,0.0,1,1,1,0,0,1,1,100.0,0,5,1,20.0,1,3,1,0,0,0,0,0,1,0,0,Matches,de627c8a
178,Ansu Fati,es ESP,FW,Barcelona,18,2002,3.7,4,2,0,2,2,0,0,,0,71,21,29.6,4,31,36,5,0,0,5,3,7,0,0,Matches,0ba976e4
179,Aleix Febas,es ESP,MF,Mallorca,25,1996,1.3,5,4,0,5,0,2,3,66.7,1,33,12,36.4,10,20,3,1,0,0,1,0,5,0,0,Matches,38126309
180,Nabil Fekir,fr FRA,MF,Betis,28,1993,31.0,48,34,6,29,13,5,27,18.5,22,602,156,25.9,85,330,187,17,1,0,16,16,64,4,0,Matches,bece776f
181,Felipe,br BRA,DF,Atlético Madrid,32,1989,16.7,22,16,13,7,2,8,16,50.0,8,142,51,35.9,74,64,4,25,13,0,12,32,54,76,1,Matches,51a3c4c8
182,João Félix,pt POR,FWMF,Atlético Madrid,21,1999,14.0,6,5,4,1,1,0,6,0.0,6,133,38,28.6,11,63,59,4,1,0,3,8,14,7,0,Matches,8aafd64f
183,Aitor Fernández,es ESP,GK,Levante,30,1991,13.0,1,1,0,1,0,1,1,100.0,0,3,1,33.3,3,0,0,0,0,0,0,0,1,0,1,Matches,a01c3d54
184,Álex Fernández,es ESP,MF,Cádiz,28,1992,22.8,49,32,25,17,7,18,48,37.5,30,512,125,24.4,174,284,54,42,8,0,34,38,87,33,0,Matches,aa677a35
185,Fernando,br BRA,MFDF,Sevilla,34,1987,20.6,29,23,17,10,2,10,37,27.0,27,201,74,36.8,100,91,10,35,13,0,22,42,71,46,0,Matches,41f32541
186,Fidel,es ESP,MFFW,Elche,31,1989,25.1,38,20,15,12,11,13,48,27.1,35,386,112,29.0,139,165,82,15,1,0,14,18,56,22,0,Matches,eb82b6f1
187,José Fontán,es ESP,DF,Celta Vigo,21,2000,3.1,9,4,5,4,0,1,3,33.3,2,44,13,29.5,19,25,0,2,1,0,1,9,18,12,0,Matches,1827a42d
188,Dimitri Foulquier,fr FRA,DF,Valencia,28,1993,26.0,48,26,22,22,4,13,23,56.5,10,401,103,25.7,166,182,53,51,6,0,45,53,101,56,0,Matches,45e17712
189,Dimitri Foulquier,fr FRA,DF,Granada,28,1993,2.0,2,2,2,0,0,1,3,33.3,2,18,3,16.7,3,10,5,1,1,1,0,2,4,4,0,Matches,45e17712
190,Juan Foyth,ar ARG,DF,Villarreal,23,1998,21.4,72,46,39,23,10,32,51,62.7,19,331,108,32.6,174,113,44,45,8,1,37,34,106,56,1,Matches,6c7762c3
191,Enric Franquesa,es ESP,DF,Levante,24,1997,6.9,6,3,3,0,3,1,3,33.3,2,96,20,20.8,44,36,16,11,0,0,11,7,13,12,0,Matches,40883e3a
192,Jorge de Frutos,es ESP,MFFW,Levante,24,1997,19.6,37,24,13,10,14,8,39,20.5,31,373,90,24.1,105,156,112,17,1,0,16,21,58,13,0,Matches,38ce1150
193,Javi Galán,es ESP,DF,Celta Vigo,26,1994,36.6,127,77,71,45,11,41,91,45.1,50,644,216,33.5,299,250,95,68,7,0,61,71,198,53,0,Matches,a4b00319
194,Iñigo Ruiz de Galarreta,es ESP,MF,Mallorca,27,1993,15.3,47,27,18,24,5,15,32,46.9,17,232,73,31.5,62,143,27,19,2,0,17,26,73,22,0,Matches,91f7631f
195,Thiago Galhardo,br BRA,FWMF,Celta Vigo,32,1989,12.8,10,6,2,3,5,1,9,11.1,8,228,64,28.1,29,96,103,26,5,0,21,11,21,12,0,Matches,766f48dd
196,Álvaro García,es ESP,FW,Rayo Vallecano,28,1992,33.3,52,36,17,23,12,8,36,22.2,28,445,135,30.3,117,158,170,55,3,0,52,61,113,21,0,Matches,90bbd822
197,Dani García,es ESP,MF,Athletic Club,31,1990,24.2,38,26,16,18,4,11,42,26.2,31,326,98,30.1,95,178,53,33,10,0,23,21,59,47,2,Matches,240d3a0b
198,David García,es ESP,DF,Osasuna,27,1994,34.5,35,23,20,13,2,9,22,40.9,13,270,95,35.2,138,121,11,46,25,1,21,73,108,204,1,Matches,3e42f707
199,Eric García,es ESP,DF,Barcelona,20,2001,22.7,29,16,13,15,1,10,27,37.0,17,216,84,38.9,95,107,14,36,14,0,22,52,81,46,1,Matches,2bed3eab
200,Francisco Garcia,es ESP,DF,Rayo Vallecano,21,1999,33.6,57,33,39,16,2,35,77,45.5,42,495,139,28.1,263,188,44,76,8,0,68,71,128,66,0,Matches,7226539b
201,Joan García,es ESP,GK,Espanyol,20,2001,1.2,0,0,0,0,0,0,0,,0,0,0,,0,0,0,0,0,0,0,0,0,0,1,Matches,87b498b0
202,Manu García,es ESP,MF,Alavés,23,1998,12.0,16,13,6,6,4,6,22,27.3,16,193,52,26.9,43,101,49,9,1,0,8,14,30,2,0,Matches,6ed1a2a2
203,Raúl García,es ESP,FW,Athletic Club,35,1986,20.0,24,18,7,12,5,8,30,26.7,22,454,116,25.6,42,214,198,33,5,0,28,17,41,21,0,Matches,b418dbd4
204,Rubén García,es ESP,FWMF,Osasuna,28,1993,26.4,44,24,12,22,10,14,47,29.8,33,417,116,27.8,113,185,119,51,5,0,46,22,66,20,1,Matches,5c96b017
205,Saúl García,es ESP,FW,Alavés,26,1994,0.0,1,0,1,0,0,0,0,,0,2,0,0.0,1,1,0,0,0,0,0,0,1,0,0,Matches,dafa5038
206,Unai García,es ESP,DF,Osasuna,29,1992,15.6,29,14,20,7,2,18,24,75.0,6,121,33,27.3,71,44,6,29,11,0,18,34,63,83,0,Matches,4a633cfe
207,Mario Gaspar,es ESP,DF,Villarreal,30,1990,6.9,12,10,5,5,2,7,14,50.0,7,80,24,30.0,33,32,15,12,4,0,8,9,21,15,0,Matches,fb5d47b3
208,Óscar Gil,es ESP,DF,Espanyol,23,1998,18.8,55,30,30,21,4,22,45,48.9,23,348,93,26.7,185,113,50,53,10,0,43,32,87,25,1,Matches,6652cf96
209,Mario Gila,es ESP,DF,Real Madrid,20,2000,0.3,1,1,1,0,0,0,1,0.0,1,2,1,50.0,2,0,0,0,0,0,0,2,3,1,0,Matches,9c435456
210,Dani Gómez,es ESP,FW,Levante,23,1998,11.8,7,7,2,4,1,0,4,0.0,4,236,68,28.8,22,120,94,6,0,0,6,4,11,7,0,Matches,0e5ddc7c
211,Maxi Gómez,uy URU,FW,Valencia,24,1996,21.7,10,6,4,3,3,3,6,50.0,3,228,52,22.8,17,103,108,9,1,0,8,4,14,17,0,Matches,4c2e9442
212,Moi Gómez,es ESP,MFFW,Villarreal,27,1994,14.3,17,10,9,4,4,6,10,60.0,4,216,77,35.6,45,95,76,15,0,0,15,16,33,9,0,Matches,5a626448
213,Papu Gómez,ar ARG,MFFW,Sevilla,33,1988,19.8,21,17,11,7,3,11,26,42.3,15,195,55,28.2,45,87,63,18,1,0,17,18,39,9,0,Matches,6e4df551
214,Sergi Gómez,es ESP,DF,Espanyol,29,1992,30.2,32,15,27,4,1,15,26,57.7,11,194,71,36.6,127,61,6,50,25,0,25,48,80,161,3,Matches,bc6f5f06
215,Maxime Gonalons,fr FRA,MF,Granada,32,1989,17.2,52,34,24,24,4,18,48,37.5,30,329,86,26.1,121,183,25,34,10,0,24,28,80,35,0,Matches,b8c1de25
216,Diego González,es ESP,DF,Elche,26,1995,19.9,34,15,22,9,3,12,19,63.2,7,188,52,27.7,102,74,12,30,14,1,16,37,71,99,0,Matches,4ac7608e
217,Édgar González,es ESP,DF,Betis,24,1997,16.3,23,16,15,4,4,13,27,48.1,14,142,52,36.6,72,60,10,30,12,1,18,40,63,96,0,Matches,49d028db
218,Giovanni González,uy URU,DF,Mallorca,26,1994,4.1,11,9,4,5,2,5,7,71.4,2,59,20,33.9,23,23,13,10,3,0,7,8,19,12,1,Matches,1fc474ae
219,Nicolás González,es ESP,MF,Barcelona,19,2002,12.4,35,26,11,18,6,12,27,44.4,15,279,84,30.1,62,164,53,14,0,0,14,9,44,15,0,Matches,2c56a792
220,Peter González,do DOM,MFDF,Real Madrid,19,2002,0.3,1,1,0,1,0,0,0,,0,7,4,57.1,4,2,1,0,0,0,0,1,2,0,0,Matches,1ccd3dae
221,Roberto González,es ESP,FWMF,Betis,20,2001,1.5,4,2,2,2,0,3,6,50.0,3,47,14,29.8,15,24,8,7,0,0,7,2,6,0,0,Matches,56545648
222,Gori,es ESP,MF,Espanyol,19,2002,0.1,0,0,0,0,0,0,0,,0,3,0,0.0,1,2,0,1,0,0,1,0,0,0,0,Matches,f3451c66
223,Andoni Gorosabel,es ESP,DF,Real Sociedad,24,1996,25.4,49,29,35,10,4,23,45,51.1,22,292,93,31.8,135,107,50,37,3,0,34,25,74,58,0,Matches,6f5f82c0
224,Jaume Grau,es ESP,MF,Osasuna,24,1997,0.0,1,1,1,0,0,0,1,0.0,1,2,1,50.0,1,1,0,0,0,0,0,0,1,0,0,Matches,fc3d2006
225,Dominik Greif,sk SVK,GK,Mallorca,24,1997,1.0,0,0,0,0,0,0,0,,0,0,0,,0,0,0,0,0,0,0,0,0,0,0,Matches,30061f53
226,Clément Grenier,fr FRA,MF,Mallorca,30,1991,0.7,0,0,0,0,0,0,0,,0,15,2,13.3,6,7,2,2,1,0,1,0,0,3,0,Matches,8b298f56
227,Antoine Griezmann,fr FRA,FWMF,Atlético Madrid,30,1991,18.8,29,20,10,14,5,12,29,41.4,17,405,113,27.9,70,199,136,18,1,0,17,18,47,15,0,Matches,df69b544
228,Antoine Griezmann,fr FRA,FW,Barcelona,30,1991,2.9,9,6,3,6,0,2,6,33.3,4,67,28,41.8,11,38,18,5,0,0,5,6,15,5,0,Matches,df69b544
229,Arnaut Groeneveld,nl NED,FW,Villarreal,24,1997,16.4,7,3,3,0,4,2,6,33.3,4,130,40,30.8,11,35,84,8,1,0,7,2,9,1,0,Matches,f08490a6
230,Andrés Guardado,mx MEX,MF,Betis,34,1986,15.5,33,22,15,17,1,18,31,58.1,13,212,51,24.1,76,117,19,26,5,0,21,27,60,30,1,Matches,ef322658
231,Sergi Guardiola,es ESP,FW,Rayo Vallecano,30,1991,19.0,17,14,5,8,4,2,15,13.3,13,412,117,28.4,21,164,227,16,4,0,12,11,28,16,0,Matches,32974271
232,Nemanja Gudelj,rs SRB,MFDF,Sevilla,29,1991,11.6,22,16,12,7,3,9,11,81.8,2,131,46,35.1,62,57,12,23,8,0,15,18,40,47,1,Matches,0076ab7f
233,Gonçalo Guedes,pt POR,FWMF,Valencia,24,1996,29.0,33,20,6,12,15,3,21,14.3,18,341,102,29.9,39,134,168,19,0,0,19,19,52,0,0,Matches,e6bc67d7
234,Ander Guevara,es ESP,MF,Real Sociedad,24,1997,9.6,20,10,9,9,2,10,19,52.6,9,176,55,31.3,66,89,21,23,6,0,17,14,34,13,0,Matches,8e48dc61
235,John Guidetti,se SWE,FWMF,Alavés,29,1992,3.1,2,1,0,0,2,0,0,,0,73,17,23.3,9,22,42,4,2,0,2,3,5,0,0,Matches,99bebd12
236,Hugo Guillamón,es ESP,MFDF,Valencia,21,2000,26.2,47,35,23,19,5,18,42,42.9,24,400,119,29.8,146,213,41,34,10,0,24,50,97,74,0,Matches,f7c12fbf
237,Gerard Gumbau,es ESP,MF,Elche,26,1994,21.0,43,22,20,21,2,16,41,39.0,25,444,88,19.8,159,234,51,30,5,0,25,27,70,26,0,Matches,ac454a4f
238,Jon Guridi,es ESP,MF,Real Sociedad,26,1995,2.3,6,4,3,3,0,0,3,0.0,3,55,13,23.6,16,24,15,2,1,0,1,2,8,6,0,Matches,4c0a6a48
239,Raúl Guti,es ESP,MF,Elche,24,1996,18.1,26,15,7,15,4,8,26,30.8,18,237,71,30.0,81,122,34,17,5,0,12,35,61,13,0,Matches,0b2c8585
240,Marcos Mauro López Gutiérrez,ar ARG,DF,Cádiz,30,1991,1.5,1,1,0,1,0,0,2,0.0,2,12,4,33.3,7,5,0,2,1,0,1,4,5,13,0,Matches,b3b62f94
241,Miguel Gutiérrez,es ESP,DF,Real Madrid,20,2001,2.9,5,4,4,0,1,2,4,50.0,2,23,7,30.4,9,9,5,1,0,0,1,5,10,4,0,Matches,7e98cff1
242,Munir El Haddadi,ma MAR,FWMF,Sevilla,25,1995,5.3,6,3,0,5,1,2,6,33.3,4,95,25,26.3,19,49,27,9,1,0,8,8,14,5,0,Matches,8696bc90
243,Varazdat Haroyan,am ARM,DF,Cádiz,28,1992,16.0,34,21,22,12,0,15,30,50.0,15,191,75,39.3,107,81,3,28,14,0,14,31,65,79,1,Matches,be32269e
244,Eden Hazard,be BEL,FWMF,Real Madrid,30,1991,8.0,8,6,5,3,0,3,6,50.0,3,75,20,26.7,21,37,17,3,1,0,2,8,16,1,0,Matches,a39bb753
245,Kike Hermoso,es ESP,DF,Betis,21,1999,1.0,2,2,2,0,0,1,1,100.0,0,8,3,37.5,4,4,0,5,2,0,3,1,3,11,0,Matches,dea912dc
246,Mario Hermoso,es ESP,DF,Atlético Madrid,26,1995,20.7,28,15,20,6,2,18,43,41.9,25,176,68,38.6,104,52,20,29,3,0,26,36,64,53,1,Matches,555f3a0b
247,Aridane Hernández,gq EQG,DF,Osasuna,32,1989,12.9,16,9,14,2,0,6,13,46.2,7,86,34,39.5,55,27,4,20,10,0,10,28,44,68,0,Matches,132ac341
248,Luis Hernández,es ESP,DF,Cádiz,32,1989,15.2,8,6,7,1,0,5,7,71.4,2,72,28,38.9,45,26,1,11,4,0,7,22,30,34,0,Matches,02d2c436
249,Mario Hernández,es ESP,DFFW,Rayo Vallecano,22,1999,4.4,5,4,4,1,0,2,7,28.6,5,56,18,32.1,23,17,16,5,0,0,5,10,15,4,0,Matches,90162357
250,Héctor Herrera,mx MEX,MF,Atlético Madrid,31,1990,9.5,28,16,13,14,1,9,24,37.5,15,201,58,28.9,73,103,25,20,1,0,19,16,44,25,0,Matches,a8542814
251,Sergio Herrera,es ESP,GK,Osasuna,28,1993,36.0,0,0,0,0,0,0,4,0.0,4,7,1,14.3,7,0,0,2,0,0,2,0,0,1,1,Matches,a4995f48
252,Yangel Herrera,ve VEN,MF,Espanyol,23,1998,18.3,51,45,20,25,6,8,25,32.0,17,438,140,32.0,155,226,57,30,5,0,25,30,81,40,0,Matches,e778654a
253,Matthew Hoppe,us USA,FW,Mallorca,20,2001,1.5,1,1,0,0,1,0,3,0.0,3,36,7,19.4,4,15,17,0,0,0,0,0,1,0,0,Matches,1bc432b7
254,Robert Ibáñez,es ESP,MF,Osasuna,28,1993,1.0,2,0,2,0,0,0,0,,0,18,7,38.9,7,5,6,1,0,0,1,2,4,0,0,Matches,c7429db3
255,Vicente Iborra,es ESP,MF,Villarreal,33,1988,11.5,14,9,7,4,3,9,25,36.0,16,134,39,29.1,54,70,10,14,5,0,9,14,28,33,0,Matches,ad1ffcfd
256,Oussama Idrissi,ma MAR,FWMF,Sevilla,25,1996,1.4,1,1,0,1,0,0,1,0.0,1,24,9,37.5,1,13,10,1,0,0,1,4,5,1,0,Matches,34caa4b3
257,Oussama Idrissi,ma MAR,MF,Cádiz,25,1996,10.0,15,12,5,7,3,5,14,35.7,9,153,49,32.0,22,80,51,11,0,0,11,13,28,2,0,Matches,34caa4b3
258,Iglesias,es ESP,DF,Getafe,23,1998,8.0,21,15,12,9,0,5,18,27.8,13,148,44,29.7,64,61,23,21,2,0,19,18,39,22,0,Matches,974322dc
259,Borja Iglesias,es ESP,FW,Betis,28,1993,17.5,6,4,1,1,4,2,8,25.0,6,260,46,17.7,14,98,148,9,1,0,8,7,13,5,0,Matches,75645f0e
260,Asier Illarramendi,es ESP,MF,Real Sociedad,31,1990,4.2,9,7,5,3,1,0,8,0.0,8,75,21,28.0,34,29,12,8,1,0,7,9,18,17,0,Matches,5ce0b5ba
261,Nikita Iosifov,ru RUS,MF,Villarreal,20,2001,0.0,0,0,0,0,0,0,0,,0,0,0,,0,0,0,0,0,0,0,0,0,0,0,Matches,4c2fa917
262,Alexander Isak,se SWE,FW,Real Sociedad,21,1999,23.8,14,9,2,8,4,3,11,27.3,8,259,66,25.5,19,81,159,15,3,0,12,4,18,8,0,Matches,8e92be30
263,Isco,es ESP,MFFW,Real Madrid,29,1992,3.7,10,6,7,3,0,3,12,25.0,9,75,22,29.3,21,39,15,1,0,0,1,2,12,0,0,Matches,a0b4bb3e
264,Nicolas Jackson,sn SEN,FW,Villarreal,20,2001,1.8,2,1,1,0,1,0,2,0.0,2,50,15,30.0,11,21,18,1,0,0,1,2,4,1,0,Matches,9c36ed83
265,Jakub Jankto,cz CZE,DFMF,Getafe,25,1996,6.5,10,7,6,3,1,7,11,63.6,4,76,24,31.6,24,34,18,8,0,0,8,12,22,11,0,Matches,1ea5f91c
266,Adnan Januzaj,be BEL,FWMF,Real Sociedad,26,1995,18.1,18,10,2,9,7,3,17,17.6,14,190,58,30.5,43,92,55,22,3,0,19,17,35,14,0,Matches,4737cebe
267,Jason,es ESP,MFFW,Alavés,27,1994,7.5,13,8,8,4,1,6,15,40.0,9,152,35,23.0,51,67,34,16,0,0,16,11,24,2,0,Matches,9038c2a1
268,Jason,es ESP,MFDF,Valencia,27,1994,0.8,2,1,1,0,1,0,3,0.0,3,24,3,12.5,10,10,4,2,0,0,2,2,4,2,0,Matches,9038c2a1
269,Luis Javier Suárez,co COL,FW,Granada,23,1997,31.6,26,18,5,10,11,6,24,25.0,18,453,121,26.7,52,188,213,30,3,0,27,14,40,22,0,Matches,eeba07f8
270,Álvaro Jiménez,es ESP,MFFW,Cádiz,26,1995,2.6,8,3,4,4,0,3,5,60.0,2,60,15,25.0,28,21,11,3,0,0,3,2,10,3,0,Matches,5f5501ed
271,Joaquín,es ESP,FWMF,Betis,40,1981,5.2,5,4,3,2,0,3,6,50.0,3,50,19,38.0,21,17,12,9,2,0,7,6,11,6,0,Matches,4c5b14d2
272,Jofre,es ESP,MFDF,Espanyol,20,2001,0.2,1,1,0,0,1,1,1,100.0,0,3,2,66.7,0,0,3,0,0,0,0,0,1,0,0,Matches,030ef8d6
273,Frenkie de Jong,nl NED,MF,Barcelona,24,1997,27.5,35,26,7,18,10,6,23,26.1,17,315,88,27.9,64,175,76,26,4,0,22,31,66,19,0,Matches,1bacc518
274,Luuk de Jong,nl NED,FW,Barcelona,30,1990,7.3,10,10,0,6,4,1,3,33.3,2,101,51,50.5,7,53,41,3,1,0,2,3,13,10,0,Matches,abb3bb95
275,Jens Jønsson,dk DEN,MF,Cádiz,28,1993,14.5,45,36,25,17,3,18,35,51.4,17,250,83,33.2,88,135,27,20,8,0,12,30,75,29,1,Matches,53520a67
276,Joan Jordán,es ESP,MF,Sevilla,27,1994,27.9,63,47,22,34,7,28,63,44.4,35,497,139,28.0,151,274,72,30,6,0,24,43,106,15,2,Matches,2a0c8ba4
277,Josan,es ESP,DFMF,Elche,31,1989,13.5,30,18,20,8,2,16,39,41.0,23,156,44,28.2,69,64,23,22,4,0,18,20,50,19,0,Matches,5b28b2f6
278,Willian José,br BRA,FW,Betis,29,1991,17.8,16,13,1,10,5,2,12,16.7,10,226,64,28.3,19,102,105,8,2,0,6,8,24,14,0,Matches,d87e2cae
279,Joselu,es ESP,FW,Alavés,31,1990,34.7,17,8,0,12,5,6,27,22.2,21,460,125,27.2,39,193,228,26,5,0,21,11,28,47,0,Matches,6265208f
280,Josema,es ESP,DF,Elche,25,1996,2.0,3,2,1,1,1,0,1,0.0,1,21,7,33.3,16,4,1,1,1,0,0,3,6,11,0,Matches,ed3f5f4c
281,Luka Jović,rs SRB,FW,Real Madrid,23,1997,4.1,3,2,1,2,0,1,1,100.0,0,44,8,18.2,3,24,17,2,0,0,2,2,5,4,0,Matches,4d8cd038
282,Miguel Juan Llambrich,es ESP,DF,Espanyol,25,1996,0.8,3,2,2,1,0,1,1,100.0,0,9,3,33.3,3,4,2,3,0,0,3,2,5,1,0,Matches,d83f09ff
283,José Juan Macías,mx MEX,FWMF,Getafe,21,1999,2.2,0,0,0,0,0,0,2,0.0,2,46,8,17.4,2,28,16,2,0,0,2,0,0,0,0,Matches,1f1c8a15
284,Juanmi,es ESP,FW,Betis,28,1993,23.7,47,29,11,23,13,16,57,28.1,41,461,120,26.0,117,207,137,28,3,0,25,17,64,9,1,Matches,84399660
285,Lago Junior,ci CIV,FWMF,Mallorca,30,1990,2.0,3,3,3,0,0,2,3,66.7,1,38,9,23.7,16,9,13,0,0,0,0,3,6,1,0,Matches,360d70f8
286,Vinicius Júnior,br BRA,FW,Real Madrid,21,2000,29.9,47,35,24,20,3,13,50,26.0,37,551,152,27.6,139,209,203,29,3,0,26,14,61,3,0,Matches,7111d552
287,Jutglà,es ESP,FW,Barcelona,22,1999,3.3,3,2,0,1,2,1,3,33.3,2,45,17,37.8,4,18,23,3,1,0,2,2,5,1,0,Matches,2a9f6b4d
288,Lee Kangin,kr KOR,MFFW,Mallorca,20,2001,15.7,12,7,4,6,2,6,26,23.1,20,236,70,29.7,36,134,66,15,1,0,14,13,25,6,0,Matches,8455ad90
289,Kike,es ESP,FW,Osasuna,31,1989,20.7,17,12,5,4,8,4,20,20.0,16,340,88,25.9,29,154,157,14,3,0,11,10,27,13,0,Matches,e897d8ba
290,Koba Koindredi,fr FRA,MF,Valencia,19,2001,2.0,3,1,2,0,1,1,5,20.0,4,63,13,20.6,20,31,12,4,1,0,3,4,7,4,0,Matches,3a58d075
291,Koke,es ESP,MF,Atlético Madrid,29,1992,27.9,50,31,14,30,6,20,64,31.3,44,483,158,32.7,153,247,83,35,6,0,29,30,80,33,0,Matches,55126f3b
292,Luca Koleosho,ca CAN,FW,Espanyol,16,2004,0.0,0,0,0,0,0,0,0,,0,3,1,33.3,2,0,1,0,0,0,0,0,0,1,0,Matches,fc076f78
293,Geoffrey Kondogbia,cf CTA,MFDF,Atlético Madrid,28,1993,20.9,75,47,24,44,7,19,44,43.2,25,428,152,35.5,142,230,56,27,6,0,21,55,130,31,0,Matches,cce181df
294,Jules Koundé,fr FRA,DF,Sevilla,22,1998,30.4,38,22,26,9,3,17,27,63.0,10,220,82,37.3,116,80,24,41,18,0,23,55,93,114,3,Matches,4d1666ff
295,Toni Kroos,de GER,MF,Real Madrid,31,1990,23.4,44,31,14,22,8,22,46,47.8,24,367,100,27.2,102,204,61,13,4,1,9,17,61,11,0,Matches,6ce1f46f
296,Takefusa Kubo,jp JPN,FWMF,Mallorca,20,2001,17.8,28,24,12,13,3,8,30,26.7,22,339,97,28.6,97,130,112,32,3,0,29,20,48,8,0,Matches,16aa3654
297,Víctor Laguardia,es ESP,DF,Alavés,31,1989,33.8,37,17,27,10,0,18,33,54.5,15,206,58,28.2,131,74,1,58,24,1,34,44,81,164,2,Matches,b7c99b9b
298,Diego Lainez,mx MEX,FW,Betis,21,2000,1.6,2,2,0,1,1,1,4,25.0,3,35,8,22.9,6,17,12,3,0,0,3,0,2,0,0,Matches,bf12926c
299,Érik Lamela,ar ARG,FW,Sevilla,29,1992,11.3,34,28,13,15,6,9,17,52.9,8,226,82,36.3,56,102,68,15,0,0,15,11,45,3,0,Matches,abe66106
300,Latasa,es ESP,FW,Real Madrid,20,2001,0.1,0,0,0,0,0,0,0,,0,2,0,0.0,0,2,0,0,0,0,0,0,0,0,0,Matches,2bea832e
301,Toni Lato,es ESP,DFMF,Valencia,23,1997,6.6,12,6,8,3,1,9,14,64.3,5,120,38,31.7,61,37,22,11,1,0,10,11,23,20,0,Matches,8e088e04
302,Robin Le Normand,fr FRA,DF,Real Sociedad,24,1996,37.0,46,27,34,8,4,19,35,54.3,16,295,105,35.6,181,99,15,50,23,0,27,59,105,176,1,Matches,9a64e67e
303,Jeremías Ledesma,ar ARG,GK,Cádiz,28,1993,38.0,0,0,0,0,0,0,2,0.0,2,4,1,25.0,4,0,0,0,0,0,0,0,0,0,2,Matches,6c4776b1
304,Wu Lei,cn CHN,FWMF,Espanyol,29,1991,5.3,4,4,2,2,0,1,5,20.0,4,82,24,29.3,15,45,22,6,0,0,6,5,9,3,0,Matches,e3fabb0a
305,Florian Lejeune,fr FRA,DF,Alavés,30,1991,30.0,38,21,25,12,1,10,19,52.6,9,253,73,28.9,154,85,14,49,22,1,27,61,99,172,1,Matches,6eaed4eb
306,Iñigo Lekue,es ESP,DF,Athletic Club,28,1993,21.4,41,25,20,15,6,23,47,48.9,24,285,93,32.6,104,126,55,52,11,1,41,37,78,54,0,Matches,59b7d823
307,Thomas Lemar,fr FRA,MF,Atlético Madrid,25,1995,16.0,26,16,10,12,4,6,19,31.6,13,280,88,31.4,71,136,73,20,1,0,19,18,44,8,0,Matches,4dbd0916
308,Ruben Lendinez,es ESP,DF,Valencia,18,2003,1.5,6,5,5,1,0,2,6,33.3,4,26,7,26.9,15,8,3,1,0,0,1,10,16,7,0,Matches,755da865
309,Clément Lenglet,fr FRA,DF,Barcelona,26,1995,9.2,18,13,12,5,1,6,9,66.7,3,114,51,44.7,53,56,5,12,3,0,9,15,33,19,0,Matches,4f28a6ff
310,Javier Llabrés,,FWMF,Mallorca,,,1.5,3,3,1,1,1,1,2,50.0,1,15,5,33.3,2,7,6,1,0,0,1,0,3,0,0,Matches,38b0cf42
311,Marcos Llorente,es ESP,DFMF,Atlético Madrid,26,1995,27.2,52,33,24,23,5,21,43,48.8,22,402,139,34.6,150,146,106,42,9,0,33,42,94,47,0,Matches,02c15616
312,Giovani Lo Celso,ar ARG,MFFW,Villarreal,25,1996,11.0,18,14,7,7,4,4,15,26.7,11,237,57,24.1,56,104,77,4,0,0,4,7,25,3,0,Matches,d7553721
313,Julen Lobete,es ESP,FWMF,Real Sociedad,20,2000,3.2,4,3,2,1,1,0,3,0.0,3,78,30,38.5,16,27,35,6,1,0,5,0,4,0,0,Matches,a952a529
314,Renan Lodi,br BRA,DF,Atlético Madrid,23,1998,13.1,32,17,15,13,4,14,31,45.2,17,184,65,35.3,68,69,47,30,4,0,26,27,59,13,0,Matches,ed9f7cfe
315,David López,es ESP,MFDF,Espanyol,31,1989,8.3,25,17,15,9,1,10,17,58.8,7,103,35,34.0,53,44,6,15,8,0,7,11,36,31,0,Matches,f03f284b
316,Diego López,es ESP,GK,Espanyol,39,1981,35.3,0,0,0,0,0,0,1,0.0,1,1,1,100.0,1,0,0,1,0,0,1,0,0,1,1,Matches,73683fa9
317,Javi López,es ESP,DF,Alavés,19,2002,5.1,10,7,7,3,0,3,6,50.0,3,104,21,20.2,59,35,10,15,1,0,14,10,20,16,0,Matches,e9ada8cf
318,Unai López,es ESP,MF,Rayo Vallecano,25,1995,12.9,28,18,9,15,4,9,28,32.1,19,248,73,29.4,57,127,64,18,0,0,18,21,49,9,0,Matches,88050721
319,Anthony Lozano,hn HON,FWMF,Cádiz,28,1993,18.6,11,9,2,4,5,2,13,15.4,11,251,63,25.1,26,134,91,18,4,0,14,8,19,7,0,Matches,38699c72
320,Florentino Luís,pt POR,MF,Getafe,21,1999,11.0,42,27,21,17,4,16,36,44.4,20,283,75,26.5,104,153,26,21,1,0,20,31,73,17,1,Matches,881cd6be
321,José Luis Gayà,es ESP,DF,Valencia,26,1995,20.8,32,12,21,9,2,16,37,43.2,21,262,66,25.2,125,109,28,29,3,0,26,39,71,42,0,Matches,b05e2dbd
322,José Luis Morales,es ESP,FWMF,Levante,34,1987,30.2,25,16,7,9,9,12,40,30.0,28,488,116,23.8,84,216,188,30,0,0,30,16,41,8,0,Matches,4a478107
323,Luismi,es ESP,FW,Sevilla,20,2001,0.1,0,0,0,0,0,0,0,,0,4,1,25.0,4,0,0,0,0,0,0,0,0,0,0,Matches,acf5410c
324,Andriy Lunin,ua UKR,GK,Real Madrid,22,1999,2.0,0,0,0,0,0,0,0,,0,1,0,0.0,1,0,0,0,0,0,0,0,0,0,0,Matches,3061e1ec
325,Darwin Machís,ve VEN,MFFW,Granada,28,1993,15.3,28,16,14,10,4,6,16,37.5,10,210,59,28.1,64,85,61,23,0,0,23,23,51,12,0,Matches,ed6ea4d9
326,Pablo Maffeo,es ESP,DF,Mallorca,24,1997,32.7,85,55,47,25,13,31,56,55.4,25,415,128,30.8,182,167,66,79,15,0,64,72,157,73,0,Matches,5db04597
327,Nemanja Maksimović,rs SRB,MF,Getafe,26,1995,32.6,64,40,26,30,8,21,57,36.8,36,618,167,27.0,131,354,133,75,13,0,62,64,128,38,0,Matches,00b28772
328,Hugo Mallo,es ESP,DF,Celta Vigo,30,1991,20.3,51,28,29,19,3,12,28,42.9,16,287,103,35.9,121,124,42,40,10,0,30,34,85,76,0,Matches,cb574619
329,Mickael Malsa,mq MTQ,MF,Levante,25,1995,12.7,41,28,20,18,3,13,34,38.2,21,270,74,27.4,88,154,28,29,8,0,21,21,62,12,0,Matches,bbc19252
330,Giorgi Mamardashvili,ge GEO,GK,Valencia,20,2000,18.0,0,0,0,0,0,0,0,,0,2,1,50.0,2,0,0,0,0,0,0,0,0,0,0,Matches,d4b73232
331,Reinildo Mandava,mz MOZ,DF,Atlético Madrid,27,1994,14.4,38,22,27,10,1,16,28,57.1,12,176,59,33.5,99,68,9,30,8,0,22,32,70,40,0,Matches,c20bdcd7
332,Aïssa Mandi,dz ALG,DF,Villarreal,29,1991,15.3,10,6,2,7,1,2,5,40.0,3,71,28,39.4,28,36,7,21,13,3,8,17,27,61,1,Matches,fbd6378b
333,Maranhão,br BRA,FWMF,Valencia,24,1996,10.8,15,7,3,7,5,6,9,66.7,3,248,55,22.2,31,118,99,22,0,0,22,10,25,10,0,Matches,ae86d473
334,Nikola Maraš,rs SRB,DF,Rayo Vallecano,25,1995,11.6,12,11,9,3,0,8,16,50.0,8,77,36,46.8,42,32,3,27,14,0,13,16,28,62,0,Matches,b9d0446f
335,Marcelo,br BRA,DF,Real Madrid,33,1988,5.8,8,4,4,2,2,4,10,40.0,6,33,14,42.4,14,9,10,7,2,0,5,6,14,6,0,Matches,603116a7
336,Iván Marcone,ar ARG,MF,Elche,31,1990,9.0,25,15,17,7,1,9,20,45.0,11,117,37,31.6,63,45,9,12,3,0,9,21,46,20,0,Matches,b14f755d
337,Óscar de Marcos,es ESP,DF,Athletic Club,32,1989,18.7,52,33,20,25,7,26,44,59.1,18,237,66,27.8,83,112,42,31,3,0,28,25,77,32,0,Matches,9f323c71
338,José Mari,es ESP,MF,Cádiz,33,1987,4.3,9,5,2,6,1,2,4,50.0,2,78,19,24.4,29,42,7,7,1,0,6,6,15,2,0,Matches,6f4c734d
339,José María Giménez,uy URU,DF,Atlético Madrid,26,1995,22.7,20,16,16,4,0,9,21,42.9,12,141,51,36.2,87,51,3,30,22,1,8,23,43,107,1,Matches,f0da930c
340,Mariano,do DOM,FW,Real Madrid,27,1993,3.8,2,2,1,0,1,0,0,,0,63,11,17.5,9,24,30,1,0,0,1,1,3,4,0,Matches,5c4dc0ff
341,Mika Màrmol,es ESP,DF,Barcelona,20,2001,0.0,0,0,0,0,0,0,0,,0,0,0,,0,0,0,0,0,0,0,0,0,0,0,Matches,e7630876
342,Roger Martí,es ESP,FW,Levante,30,1991,23.5,21,14,3,12,6,3,20,15.0,17,436,94,21.6,21,208,207,14,0,0,14,6,27,9,0,Matches,0ae4e09a
343,Anthony Martial,fr FRA,FWMF,Sevilla,25,1995,5.4,4,4,0,1,3,2,6,33.3,4,84,27,32.1,8,34,42,5,0,0,5,3,7,2,0,Matches,8b788c01
344,Martín,es ESP,MF,Cádiz,22,1999,1.3,1,1,0,1,0,0,0,,0,22,6,27.3,11,10,1,1,0,0,1,3,4,3,0,Matches,cbec0059
345,Ander Martin,es ESP,FWMF,Real Sociedad,20,2000,1.0,1,1,0,0,1,0,1,0.0,1,35,9,25.7,6,20,9,1,0,0,1,3,4,1,0,Matches,e1e75690
346,Andrés Martín,es ESP,FWMF,Rayo Vallecano,22,1999,2.1,1,0,0,1,0,1,2,50.0,1,41,10,24.4,6,19,16,2,0,0,2,3,4,0,0,Matches,2ae30661
347,Carlos Martín,es ESP,DF,Atlético Madrid,19,2002,0.1,0,0,0,0,0,0,0,,0,2,0,0.0,0,1,1,0,0,0,0,0,0,1,0,Matches,64035864
348,Iván Martín,es ESP,MF,Alavés,22,1999,1.8,3,1,1,1,1,1,1,100.0,0,29,8,27.6,5,13,11,2,0,0,2,1,4,0,0,Matches,ae48c5cb
349,Iñigo Martínez,es ESP,DF,Athletic Club,30,1991,26.0,33,18,23,8,2,15,28,53.6,13,184,59,32.1,117,61,6,37,12,0,25,57,90,142,0,Matches,3fc45c73
350,Javi Martínez,es ESP,MF,Osasuna,21,1999,9.8,24,14,10,9,5,9,28,32.1,19,206,48,23.3,51,99,56,12,2,0,10,17,41,9,0,Matches,3672b352
351,Pablo Martínez,es ESP,MF,Levante,23,1998,7.3,13,8,6,5,2,6,16,37.5,10,148,31,20.9,36,83,29,11,3,0,8,14,27,5,0,Matches,ecc77652
352,Omar Mascarell,es ESP,MF,Elche,28,1993,27.7,43,22,13,24,6,20,57,35.1,37,442,114,25.8,154,240,48,65,16,0,49,41,84,57,1,Matches,11fd2b75
353,Jaime Mata,es ESP,FW,Getafe,32,1988,7.5,10,4,4,2,4,0,5,0.0,5,110,26,23.6,14,46,50,5,2,0,3,5,15,5,0,Matches,02319ad7
354,Luís Maximiano,pt POR,GK,Granada,22,1999,34.8,2,0,2,0,0,2,5,40.0,3,7,1,14.3,7,0,0,0,0,0,0,0,2,2,2,Matches,3318286e
355,Borja Mayoral,es ESP,FW,Getafe,24,1997,11.6,8,5,1,5,2,3,3,100.0,0,158,35,22.2,14,67,77,15,5,0,10,9,17,3,0,Matches,64e8ed6d
356,Jordi Mboula,es ESP,FW,Mallorca,22,1999,4.8,5,3,2,2,1,1,6,16.7,5,80,26,32.5,17,32,31,10,2,0,8,2,7,0,0,Matches,4887118d
357,Óscar Melendo,es ESP,MFFW,Espanyol,23,1997,11.0,11,7,3,5,3,1,10,10.0,9,120,34,28.3,40,53,27,10,1,0,9,3,14,9,0,Matches,379652be
358,Gonzalo Melero,es ESP,MF,Levante,27,1994,18.8,36,23,16,15,5,16,29,55.2,13,292,75,25.7,104,139,49,23,9,0,14,15,51,23,0,Matches,3902e91b
359,Tomás Mendes,es ESP,MF,Alavés,16,2004,0.1,0,0,0,0,0,0,0,,0,3,1,33.3,1,2,0,0,0,0,0,0,0,1,0,Matches,45f771db
360,Brais Méndez,es ESP,MF,Celta Vigo,24,1997,33.6,69,38,26,31,12,24,79,30.4,55,769,220,28.6,194,372,203,67,10,0,57,53,122,35,0,Matches,c9e39d91
361,Édgar Méndez,es ESP,FWMF,Alavés,31,1990,17.9,30,16,10,13,7,10,28,35.7,18,376,90,23.9,77,178,121,20,0,0,20,16,46,18,0,Matches,aed746df
362,Ferland Mendy,fr FRA,DF,Real Madrid,26,1995,19.3,26,16,14,9,3,9,20,45.0,11,138,51,37.0,63,44,31,32,2,0,30,33,59,20,0,Matches,3cefcaef
363,Fran Mérida,es ESP,MF,Espanyol,31,1990,3.0,8,5,4,3,1,5,7,71.4,2,50,7,14.0,20,21,9,2,0,0,2,3,11,4,0,Matches,0e50f929
364,Mikel Merino,es ESP,MF,Real Sociedad,25,1996,32.1,76,50,24,42,10,22,61,36.1,39,579,177,30.6,149,315,115,62,11,0,51,37,113,60,2,Matches,d080ed5e
365,Martín Merquelanz,es ESP,FW,Rayo Vallecano,26,1995,1.9,3,2,3,0,0,3,6,50.0,3,30,5,16.7,6,14,10,3,0,0,3,0,3,1,0,Matches,ddd5348b
366,Matt Miazga,us USA,DF,Alavés,26,1995,9.3,12,8,7,5,0,5,9,55.6,4,70,30,42.9,43,26,1,22,12,0,10,10,22,61,1,Matches,9fc0f253
367,Miguel,es ESP,FWMF,Alavés,21,1999,9.2,11,9,2,6,3,5,16,31.3,11,215,46,21.4,26,95,94,8,2,0,6,2,13,8,0,Matches,6763373d
368,Éder Militão,br BRA,DF,Real Madrid,23,1998,33.7,65,40,41,14,10,27,50,54.0,23,283,98,34.6,153,99,31,49,24,0,25,70,135,125,3,Matches,2784f898
369,Luis Milla,es ESP,MF,Granada,26,1994,30.8,51,31,27,21,3,17,55,30.9,38,518,158,30.5,189,256,73,38,7,0,31,40,91,31,0,Matches,19c36442
370,Pere Milla,es ESP,FWMF,Elche,28,1992,18.3,29,18,17,10,2,11,45,24.4,34,396,91,23.0,97,196,103,26,2,0,24,21,50,21,0,Matches,335039a2
371,Santi Mina,es ESP,FW,Celta Vigo,25,1995,26.3,31,21,3,20,8,2,36,5.6,34,508,133,26.2,77,256,175,36,3,0,33,15,46,23,0,Matches,0b90bb97
372,Óscar Mingueza,es ESP,DF,Barcelona,22,1999,9.9,25,12,13,12,0,15,26,57.7,11,137,48,35.0,73,49,15,20,1,0,19,13,38,21,1,Matches,056269d7
373,Rafa Mir,es ESP,FW,Sevilla,24,1997,20.1,7,7,1,3,3,0,8,0.0,8,284,79,27.8,21,122,141,8,3,0,5,4,11,17,0,Matches,bbf5c11b
374,Jorge Miramón,es ESP,DF,Levante,32,1989,22.0,37,25,23,11,3,14,40,35.0,26,274,91,33.2,114,104,56,35,5,1,30,45,82,55,0,Matches,7f4c7c9f
375,Juan Miranda,es ESP,DF,Betis,21,2000,8.7,22,13,14,4,4,7,20,35.0,13,131,40,30.5,59,44,28,19,5,0,14,13,35,28,0,Matches,ead61f73
376,Stefan Mitrović,rs SRB,DF,Getafe,31,1990,29.6,17,8,11,6,0,8,13,61.5,5,141,48,34.0,93,43,5,38,17,0,21,41,58,113,1,Matches,e6777e6b
377,Luka Modrić,hr CRO,MF,Real Madrid,35,1985,22.6,20,13,7,10,3,7,20,35.0,13,296,89,30.1,60,150,86,14,5,0,9,31,51,6,0,Matches,6025fab1
378,Johan Mojica,co COL,DF,Elche,28,1992,31.7,45,29,31,10,4,21,29,72.4,8,350,103,29.4,182,114,54,45,3,0,42,65,110,58,0,Matches,608f2092
379,Jorge Molina,es ESP,FW,Granada,39,1982,21.8,10,6,2,3,5,1,12,8.3,11,223,68,30.5,20,113,90,15,4,0,11,6,16,12,0,Matches,43f71e77
380,Jon Moncayola,es ESP,MF,Osasuna,23,1998,32.4,40,19,18,17,5,17,45,37.8,28,559,139,24.9,167,290,102,54,10,0,44,34,74,34,0,Matches,9939e168
381,Monchu,es ESP,MF,Granada,21,1999,7.4,11,8,4,7,0,6,12,50.0,6,176,38,21.6,50,104,22,15,3,0,12,3,14,6,0,Matches,8ac501f5
382,Gonzalo Montiel,ar ARG,DF,Sevilla,24,1997,11.8,13,4,9,3,1,8,16,50.0,8,100,38,38.0,47,36,17,16,2,0,14,15,28,16,0,Matches,374d5158
383,Ángel Montoro,es ESP,MF,Granada,33,1988,14.8,26,18,14,7,5,9,22,40.9,13,254,78,30.7,87,124,43,17,1,0,16,12,38,27,2,Matches,719384c1
384,Martín Montoya,es ESP,DF,Betis,30,1991,5.8,18,9,11,6,1,9,20,45.0,11,93,27,29.0,45,33,15,12,0,0,12,12,30,18,0,Matches,5cec2487
385,Jon Morcillo,es ESP,MF,Athletic Club,22,1998,0.6,0,0,0,0,0,0,3,0.0,3,23,7,30.4,8,14,1,1,0,0,1,0,0,0,0,Matches,b7d7f3bf
386,Alberto Moreno,es ESP,MFDF,Villarreal,29,1992,13.6,16,12,6,9,1,5,20,25.0,15,188,55,29.3,66,78,44,17,2,0,15,36,52,12,1,Matches,11b9265b
387,Álex Moreno,es ESP,DF,Betis,28,1993,26.7,79,44,56,13,10,34,63,54.0,29,411,125,30.4,212,120,79,68,7,0,61,48,127,76,1,Matches,16e9d0ea
388,Gerard Moreno,es ESP,FW,Villarreal,29,1992,13.2,7,4,3,3,1,2,7,28.6,5,114,36,31.6,16,56,42,9,1,0,8,7,14,13,0,Matches,81f0781e
389,Tete Morente,es ESP,MFFW,Elche,24,1996,18.1,26,14,13,9,4,10,26,38.5,16,317,83,26.2,88,138,91,31,1,0,30,17,43,14,0,Matches,004d185e
390,Ilaix Moriba,gn GUI,MF,Valencia,18,2003,9.1,30,17,13,16,1,10,26,38.5,16,254,76,29.9,69,136,49,10,0,0,10,13,43,16,0,Matches,f4c69aa6
391,Manu Morlanes,es ESP,MF,Espanyol,22,1999,12.7,30,20,10,16,4,8,29,27.6,21,243,63,25.9,111,116,16,22,5,0,17,22,52,25,0,Matches,a0255c67
392,Loren Morón,es ESP,FWMF,Espanyol,27,1993,6.3,10,7,2,5,3,0,8,0.0,8,114,31,27.2,16,58,40,13,1,0,12,1,11,10,0,Matches,3aa4a3be
393,Loren Morón,es ESP,FW,Betis,27,1993,0.0,0,0,0,0,0,0,0,,0,2,1,50.0,0,1,1,0,0,0,0,0,0,0,0,Matches,3aa4a3be
394,Cristhian Mosquera,co COL,DF,Valencia,17,2004,2.4,6,3,5,1,0,4,6,66.7,2,37,3,8.1,21,10,6,2,0,0,2,5,11,2,0,Matches,dc1ce4f5
395,Toni Moya,es ESP,MF,Alavés,23,1998,15.4,25,18,12,11,2,9,34,26.5,25,369,90,24.4,108,208,53,30,8,0,22,26,51,24,0,Matches,9e098912
396,Iker Muniain,es ESP,MF,Athletic Club,28,1992,30.9,35,21,11,19,5,17,39,43.6,22,341,85,24.9,71,169,101,27,1,0,26,23,58,7,0,Matches,c05dfb74
397,Aihen Muñoz,es ESP,DF,Real Sociedad,23,1997,14.9,37,18,18,16,3,18,31,58.1,13,209,75,35.9,82,103,24,20,1,0,19,26,63,38,1,Matches,228b0d9d
398,Jeison Murillo,co COL,DF,Celta Vigo,29,1992,12.4,23,7,15,8,0,9,13,69.2,4,113,44,38.9,68,40,5,21,10,0,11,15,38,42,0,Matches,b233e8e4
399,Vedat Muriqi,xk KVX,FW,Mallorca,27,1994,16.0,4,3,2,1,1,1,5,20.0,4,173,46,26.6,12,80,81,22,1,0,21,12,16,26,0,Matches,0cadc46d
400,Yunus Musah,us USA,MFFW,Valencia,18,2002,14.0,25,9,6,13,6,8,22,36.4,14,293,70,23.9,75,142,76,19,1,0,18,14,39,11,0,Matches,b51b1b9c
401,Shkodran Mustafi,de GER,DF,Levante,29,1992,7.3,11,4,6,5,0,4,7,57.1,3,55,22,40.0,31,22,2,5,2,0,3,13,24,41,0,Matches,3f2d59fe
402,Nacho,es ESP,DF,Real Madrid,31,1990,17.3,19,11,11,6,2,8,22,36.4,14,126,37,29.4,58,58,10,23,16,0,7,37,56,63,0,Matches,2946f9a1
403,Roberto Navarro,es ESP,MFFW,Real Sociedad,19,2002,2.2,7,4,3,1,3,2,4,50.0,2,59,14,23.7,12,28,19,2,0,0,2,1,8,3,0,Matches,c997b942
404,Ximo Navarro,es ESP,DF,Alavés,31,1990,15.0,32,13,22,5,5,13,20,65.0,7,201,52,25.9,106,73,22,30,7,0,23,31,63,57,2,Matches,8db394aa
405,Jesús Navas,es ESP,DF,Sevilla,35,1985,19.8,19,6,10,6,3,8,18,44.4,10,146,41,28.1,65,51,30,35,4,0,31,25,44,36,0,Matches,3f10bd22
406,Loum Ndiaye,sn SEN,MF,Alavés,24,1996,25.7,54,32,27,26,1,22,59,37.3,37,558,120,21.5,190,312,56,42,11,0,31,42,96,84,1,Matches,bcfc4473
407,Álvaro Negredo,es ESP,FW,Cádiz,35,1985,24.0,4,2,1,2,1,2,11,18.2,9,194,53,27.3,13,87,94,16,7,0,9,9,13,20,0,Matches,63b0ca6b
408,Neto,br BRA,GK,Barcelona,32,1989,3.0,0,0,0,0,0,0,0,,0,0,0,,0,0,0,0,0,0,0,0,0,0,0,Matches,a9dc785c
409,Carlos Neva,es ESP,DF,Granada,25,1996,23.4,34,22,23,11,0,14,29,48.3,15,223,60,26.9,125,83,15,64,8,0,56,51,85,66,1,Matches,8d47bb39
410,Saúl Ñíguez,es ESP,DFMF,Atlético Madrid,26,1994,2.2,7,4,2,3,2,4,5,80.0,1,50,17,34.0,14,30,6,6,1,0,5,2,9,1,0,Matches,c14bc029
411,Fernando Niño,es ESP,FW,Mallorca,20,2000,9.8,11,5,6,1,4,3,10,30.0,7,190,48,25.3,32,76,82,16,4,0,12,4,15,12,0,Matches,81d5c497
412,Peru Nolaskoain,es ESP,DF,Athletic Club,22,1998,0.0,0,0,0,0,0,0,0,,0,1,0,0.0,0,1,0,0,0,0,0,0,0,0,0,Matches,857cb4f3
413,Nolito,es ESP,MF,Celta Vigo,34,1986,15.4,24,18,14,7,3,14,47,29.8,33,257,72,28.0,66,122,69,39,2,0,37,12,36,5,0,Matches,b2d0ec1b
414,Randy Ntekja,fr FRA,FWMF,Rayo Vallecano,23,1997,16.2,21,16,5,11,5,7,16,43.8,9,365,99,27.1,47,154,164,32,1,0,31,14,35,11,0,Matches,a6103274
415,Unai Núñez,es ESP,DF,Athletic Club,24,1997,6.9,9,5,5,1,3,3,8,37.5,5,50,16,32.0,25,20,5,11,7,0,4,10,19,20,0,Matches,be170419
416,Allan Nyom,cm CMR,DF,Getafe,33,1988,2.7,3,3,2,1,0,2,3,66.7,1,27,6,22.2,11,14,2,7,1,0,6,4,7,6,0,Matches,97572117
417,Jan Oblak,si SVN,GK,Atlético Madrid,28,1993,38.0,0,0,0,0,0,0,0,,0,1,0,0.0,1,0,0,0,0,0,0,0,0,1,3,Matches,ee8508c0
418,Lucas Ocampos,ar ARG,FW,Sevilla,27,1994,23.6,54,27,25,21,8,25,54,46.3,29,397,107,27.0,109,174,114,39,3,0,36,28,82,24,0,Matches,a08b974a
419,Lucas Olaza,uy URU,DF,Elche,27,1994,3.3,5,3,3,1,1,1,1,100.0,0,35,12,34.3,17,10,8,7,1,0,6,4,9,6,0,Matches,4cee5954
420,Oier Olazábal,es ESP,GK,Espanyol,31,1989,1.5,0,0,0,0,0,0,0,,0,0,0,,0,0,0,0,0,0,0,0,0,0,0,Matches,b5bdf144
421,Brian Oliván,es ESP,DF,Mallorca,27,1994,24.3,42,20,31,8,3,12,25,48.0,13,261,71,27.2,150,87,24,27,6,0,21,37,79,87,1,Matches,a3e4bf46
422,Mathías Olivera,uy URU,DF,Getafe,23,1997,31.1,82,53,39,32,11,39,70,55.7,31,650,208,32.0,242,289,119,85,5,0,80,70,152,76,0,Matches,41c12f75
423,Javier Ontiveros,es ESP,MFFW,Osasuna,23,1997,0.4,0,0,0,0,0,0,2,0.0,2,9,3,33.3,1,3,5,0,0,0,0,0,0,0,1,Matches,a83d8b0c
424,Pedro Ortiz,es ESP,MF,Sevilla,20,2000,0.1,0,0,0,0,0,0,0,,0,3,0,0.0,1,0,2,0,0,0,0,0,0,1,0,Matches,f9358b61
425,Milutin Osmajić,me MNE,FWMF,Cádiz,22,1999,2.9,3,2,0,3,0,0,0,,0,47,10,21.3,5,27,15,0,0,0,0,2,5,4,0,Matches,375ed9d7
426,Jesús Owono,gq EQG,GK,Alavés,20,2001,1.0,0,0,0,0,0,0,0,,0,0,0,,0,0,0,0,0,0,0,0,0,0,0,Matches,d6e3d7fb
427,Mikel Oyarzabal,es ESP,FWMF,Real Sociedad,24,1997,18.6,23,14,10,10,3,3,17,17.6,14,269,75,27.9,61,103,105,24,2,0,22,16,39,15,0,Matches,8c3c640c
428,Fernando Pacheco,es ESP,GK,Alavés,29,1992,33.9,0,0,0,0,0,0,0,,0,2,0,0.0,2,0,0,0,0,0,0,0,0,1,0,Matches,97852360
429,Jon Pacheco,es ESP,DF,Real Sociedad,20,2001,4.2,8,4,5,3,0,5,6,83.3,1,29,13,44.8,17,12,0,5,3,0,2,7,15,26,0,Matches,44150beb
430,Gavi Paez,es ESP,MFFW,Barcelona,16,2004,25.7,44,32,12,21,11,14,36,38.9,22,573,149,26.0,123,273,177,47,0,0,47,34,78,17,0,Matches,19cae58d
431,Helibelton Palacios,co COL,DF,Elche,28,1993,21.5,65,34,54,10,1,26,45,57.8,19,300,89,29.7,199,81,20,41,9,1,32,38,103,59,0,Matches,ac8b2421
432,Isaac Palazón Camacho,es ESP,FWMF,Rayo Vallecano,26,1994,25.4,45,30,18,24,3,15,57,26.3,42,483,152,31.5,108,239,136,45,4,0,41,23,68,22,0,Matches,49dbab27
433,Daniel Parejo,es ESP,MF,Villarreal,32,1989,30.0,46,33,20,17,9,15,52,28.8,37,484,147,30.4,129,258,97,49,7,0,42,34,80,20,2,Matches,7460ca0d
434,Raúl Parra,es ESP,DF,Cádiz,21,1999,1.0,4,4,4,0,0,3,5,60.0,2,17,7,41.2,13,3,1,1,0,0,1,2,6,4,0,Matches,647d39d2
435,Javier Pastore,ar ARG,MFFW,Elche,32,1989,5.8,5,3,1,2,2,3,7,42.9,4,102,22,21.6,34,37,31,5,1,0,4,5,10,1,0,Matches,881ef58c
436,Gabriel Paulista,br BRA,DF,Valencia,30,1990,17.7,25,12,19,6,0,10,14,71.4,4,100,34,34.0,63,33,4,21,12,0,9,67,92,116,1,Matches,b7ca5c51
437,Alfonso Pedraza,es ESP,DF,Villarreal,25,1996,18.9,34,18,20,10,4,9,34,26.5,25,265,77,29.1,92,110,63,22,3,0,19,55,89,37,0,Matches,63f04c6c
438,Pedri,es ESP,MF,Barcelona,18,2002,9.8,18,12,5,8,5,5,21,23.8,16,216,70,32.4,59,98,59,20,1,0,19,11,29,4,1,Matches,0d9b2d31
439,Pedrosa,es ESP,DF,Espanyol,23,1998,30.2,59,35,35,19,5,20,42,47.6,22,350,94,26.9,178,108,64,52,11,0,41,54,113,87,0,Matches,112521d1
440,Facundo Pellistri,uy URU,MFFW,Alavés,19,2001,7.5,9,6,4,3,2,3,9,33.3,6,146,34,23.3,49,48,49,18,3,0,15,8,17,4,0,Matches,ac7e7b1c
441,Rubén Peña,es ESP,MFFW,Villarreal,30,1991,1.5,3,2,2,1,0,0,1,0.0,1,37,13,35.1,15,13,9,4,0,0,4,6,9,2,0,Matches,1f079188
442,Alberto Perea,es ESP,MF,Cádiz,30,1990,8.6,15,11,6,5,4,4,16,25.0,12,159,58,36.5,51,69,39,11,1,0,10,18,33,5,1,Matches,5496cc91
443,Victor Perea,es ESP,DF,Espanyol,21,2000,0.0,0,0,0,0,0,0,0,,0,0,0,,0,0,0,0,0,0,0,0,0,0,0,Matches,b7de5bad
444,Iñigo Pérez,es ESP,MF,Osasuna,33,1988,3.8,0,0,0,0,0,0,3,0.0,3,34,9,26.5,10,18,6,3,0,0,3,3,3,4,0,Matches,bc61cc65
445,Juan Pérez,es ESP,GK,Osasuna,25,1996,2.0,0,0,0,0,0,0,1,0.0,1,1,0,0.0,1,0,0,0,0,0,0,0,0,0,0,Matches,8f29e08b
446,Kike Pérez,es ESP,FWMF,Elche,24,1997,5.8,13,7,2,7,4,2,8,25.0,6,105,29,27.6,36,49,20,10,1,0,9,5,18,4,0,Matches,237a3851
447,Lucas Pérez,es ESP,FWMF,Cádiz,32,1988,11.8,6,5,3,2,1,2,15,13.3,13,226,52,23.0,37,98,91,3,1,0,2,2,8,4,0,Matches,a300ac7e
448,Lucas Pérez,es ESP,FW,Elche,32,1988,14.1,2,0,1,1,0,2,8,25.0,6,185,43,23.2,19,104,62,6,1,0,5,5,7,5,0,Matches,a300ac7e
449,Njegoš Petrović,rs SRB,MF,Granada,22,1999,10.2,27,16,5,21,1,7,17,41.2,10,169,66,39.1,46,102,21,13,4,0,9,12,39,13,0,Matches,0cb29e91
450,Alex Petxa,es ESP,DFMF,Athletic Club,24,1997,4.6,12,10,4,7,1,4,8,50.0,4,77,30,39.0,32,37,8,9,2,0,7,10,22,7,0,Matches,97d08e60
451,Germán Pezzella,ar ARG,DF,Betis,30,1991,22.1,29,20,23,5,1,12,28,42.9,16,152,49,32.2,92,57,3,39,17,0,22,49,78,105,1,Matches,8c725b43
452,Pablo Piatti,ar ARG,MFFW,Elche,32,1989,3.5,7,2,3,3,1,1,7,14.3,6,58,8,13.8,16,29,13,6,0,0,6,4,11,1,0,Matches,48e89655
453,Cristiano Piccini,it ITA,DF,Valencia,28,1992,3.6,16,11,11,4,1,7,13,53.8,6,72,23,31.9,36,23,13,4,2,0,2,9,25,9,0,Matches,32c0491f
454,Tomás Pina Isla,es ESP,MF,Alavés,33,1987,16.0,35,25,13,18,4,7,25,28.0,18,301,84,27.9,106,164,31,21,3,0,18,25,60,26,0,Matches,e54bd0a2
455,Orbelín Pineda,mx MEX,MFFW,Celta Vigo,25,1996,1.1,4,3,4,0,0,1,3,33.3,2,25,7,28.0,7,11,7,0,0,0,0,0,4,1,0,Matches,411fabd7
456,Yeremi Pino,es ESP,MFFW,Villarreal,18,2002,18.6,31,13,12,10,9,10,29,34.5,19,279,74,26.5,67,104,108,44,5,0,39,19,50,9,1,Matches,540ec57b
457,Gerard Piqué,es ESP,DF,Barcelona,34,1987,23.2,22,16,16,6,0,7,12,58.3,5,164,69,42.1,78,81,5,33,16,0,17,35,57,109,1,Matches,adfc9123
458,Ezequiel Ponce,ar ARG,FW,Elche,24,1997,7.4,8,7,3,4,1,2,3,66.7,1,128,37,28.9,16,57,55,6,1,0,5,4,12,6,0,Matches,ccbbe661
459,Pere Pons,es ESP,MF,Alavés,28,1993,15.2,27,18,8,15,4,8,27,29.6,19,362,99,27.3,80,184,98,21,1,0,20,8,35,10,1,Matches,29b61deb
460,Portu,es ESP,FWMF,Real Sociedad,29,1992,17.7,20,11,7,6,7,7,25,28.0,18,340,82,24.1,81,122,137,31,4,0,27,11,31,8,0,Matches,1bda5842
461,Sergio Postigo,es ESP,DF,Levante,32,1988,9.4,12,7,9,1,2,4,9,44.4,5,82,27,32.9,43,34,5,12,6,0,6,18,30,37,0,Matches,474ecac8
462,Darío Poveda,es ESP,FWMF,Getafe,24,1997,4.2,4,1,0,3,1,1,6,16.7,5,83,19,22.9,6,39,38,7,1,0,6,3,7,2,0,Matches,cbdf7d5c
463,José Pozo,es ESP,MF,Rayo Vallecano,25,1996,0.8,1,1,0,1,0,1,2,50.0,1,17,4,23.5,3,9,5,2,0,0,2,1,2,0,0,Matches,fc8b614b
464,Abdón Prats,es ESP,FW,Mallorca,28,1992,7.1,3,3,1,0,2,2,4,50.0,2,77,25,32.5,1,21,55,6,0,0,6,1,4,5,0,Matches,d1b060e2
465,Alejandro Primo,es ESP,GK,Levante,17,2004,1.0,0,0,0,0,0,0,0,,0,0,0,,0,0,0,0,0,0,0,0,0,0,0,Matches,f38284bb
466,Javi Puado,es ESP,FWMF,Espanyol,23,1998,24.9,27,19,18,9,0,12,29,41.4,17,356,105,29.5,105,138,113,24,2,1,22,25,52,15,0,Matches,2683eda7
467,Pubill,es ESP,DF,Levante,18,2003,5.7,15,12,12,3,0,4,7,57.1,3,92,24,26.1,38,34,20,11,2,0,9,7,22,8,1,Matches,365113c0
468,Antonio Puertas,es ESP,MFFW,Granada,29,1992,25.1,36,21,17,16,3,15,34,44.1,19,362,107,29.6,99,146,117,47,4,0,43,11,47,26,0,Matches,c77a8043
469,Riqui Puig,es ESP,MF,Barcelona,21,1999,5.4,5,3,1,4,0,0,7,0.0,7,89,21,23.6,12,52,25,1,0,0,1,5,10,0,0,Matches,f090a37a
470,Yacine Qasmi,ma MAR,MF,Rayo Vallecano,30,1991,0.0,0,0,0,0,0,0,0,,0,1,0,0.0,0,0,1,0,0,0,0,0,0,0,0,Matches,3b3cbebb
471,Quini,es ESP,DF,Granada,31,1989,25.6,88,54,55,25,8,37,72,51.4,35,399,139,34.8,208,155,36,53,14,0,39,54,142,65,0,Matches,7a538238
472,Dani Raba,es ESP,MFFW,Villarreal,25,1995,1.0,1,1,0,1,0,0,1,0.0,1,16,3,18.8,4,6,6,1,0,0,1,2,3,2,0,Matches,ea6a7ab4
473,Dani Raba,es ESP,MFFW,Granada,25,1995,0.3,2,0,1,0,1,2,3,66.7,1,7,0,0.0,3,2,2,1,0,0,1,2,4,0,0,Matches,ea6a7ab4
474,Uroš Račić,rs SRB,MF,Valencia,23,1998,13.4,33,25,10,20,3,12,30,40.0,18,319,97,30.4,105,176,38,25,7,0,18,20,53,29,0,Matches,faed84db
475,Nemanja Radoja,rs SRB,MF,Levante,28,1993,13.5,20,14,7,11,2,7,11,63.6,4,208,48,23.1,73,110,25,26,10,0,16,17,37,21,1,Matches,b5dd3469
476,Rafinha,br BRA,MFFW,Real Sociedad,28,1993,11.7,45,27,18,16,11,14,26,53.8,12,285,80,28.1,77,147,61,25,2,0,23,22,67,5,0,Matches,0c2ac3cb
477,Antonio Raillo,es ESP,DF,Mallorca,29,1991,17.0,21,12,17,3,1,5,8,62.5,3,147,54,36.7,89,48,10,28,15,0,13,27,48,83,1,Matches,b857bd29
478,Ivan Rakitić,hr CRO,MF,Sevilla,33,1988,24.2,40,27,13,21,6,17,38,44.7,21,364,102,28.0,77,193,94,47,10,0,37,26,66,35,1,Matches,89f951b5
479,Jonás Ramalho,es ESP,DF,Osasuna,28,1993,2.7,3,3,2,1,0,2,3,66.7,1,28,11,39.3,7,15,6,7,1,0,6,10,13,9,0,Matches,be3a0121
480,Sandro Ramírez,es ESP,FW,Getafe,26,1995,16.2,12,7,2,6,4,2,10,20.0,8,251,59,23.5,28,117,106,15,4,0,11,5,17,2,0,Matches,833fb62e
481,Raúl,es ESP,FW,Betis,20,2000,0.0,0,0,0,0,0,0,0,,0,2,1,50.0,0,2,0,0,0,0,0,0,0,0,0,Matches,18f0a9f0
482,Lluís Recasens,es ESP,DF,Espanyol,19,2002,0.5,2,1,2,0,0,0,1,0.0,1,6,2,33.3,5,1,0,0,0,0,0,1,3,3,0,Matches,c31ea173
483,Manolo Reina,es ESP,GK,Mallorca,36,1985,21.0,0,0,0,0,0,0,0,,0,2,1,50.0,2,0,0,0,0,0,0,0,0,0,0,Matches,605eb473
484,Karim Rekik,nl NED,DF,Sevilla,26,1994,12.2,19,13,9,9,1,6,11,54.5,5,120,49,40.8,53,51,16,15,6,0,9,15,34,34,0,Matches,3376a776
485,Álex Remiro,es ESP,GK,Real Sociedad,26,1995,35.0,0,0,0,0,0,0,1,0.0,1,2,0,0.0,2,0,0,0,0,0,0,0,0,2,3,Matches,374ee424
486,Nico Ribaudo,es ESP,MFFW,Espanyol,20,2001,12.4,20,15,11,8,1,7,26,26.9,19,183,50,27.3,77,69,37,10,2,0,8,9,29,7,0,Matches,ce8039aa
487,Diego Rico,es ESP,DF,Real Sociedad,28,1993,18.3,47,27,26,17,4,15,40,37.5,25,281,94,33.5,121,116,44,53,6,0,47,48,95,44,0,Matches,d9ba39fc
488,Sergio Rico,es ESP,GK,Mallorca,27,1993,14.0,0,0,0,0,0,0,0,,0,0,0,,0,0,0,0,0,0,0,0,0,1,1,Matches,5f0241b2
489,Luis Rioja,es ESP,FWMF,Alavés,27,1993,34.6,31,17,11,11,9,11,57,19.3,46,429,109,25.4,96,200,133,39,1,0,38,48,79,25,0,Matches,eb3dd471
490,Rober,es ESP,DF,Levante,26,1995,22.3,45,28,31,11,3,24,36,66.7,12,260,95,36.5,142,95,23,35,17,0,18,56,101,98,1,Matches,c00097d2
491,Sergi Roberto,es ESP,MFDF,Barcelona,29,1992,4.4,10,6,4,3,3,2,5,40.0,3,41,11,26.8,9,20,12,3,0,0,3,2,12,4,0,Matches,335fa267
492,Rubén Rochina,es ESP,MFFW,Granada,30,1991,8.3,25,12,9,11,5,9,29,31.0,20,179,41,22.9,44,97,38,13,1,0,12,12,37,4,0,Matches,ecd8c01e
493,Enzo Roco,cl CHI,DF,Elche,28,1992,28.4,40,23,26,13,1,12,31,38.7,19,283,92,32.5,178,95,10,58,31,1,27,51,91,139,4,Matches,37f827ec
494,Rodrigo,es ESP,FW,Betis,21,2000,9.8,10,7,5,3,2,2,14,14.3,12,143,36,25.2,38,68,37,16,0,0,16,3,13,4,0,Matches,85bed4ee
495,Kévin Rodrigues,pt POR,DFFW,Rayo Vallecano,27,1994,4.8,16,12,9,6,1,4,11,36.4,7,88,37,42.0,38,39,11,11,1,0,10,10,26,4,0,Matches,f1bed920
496,Ángel Rodríguez,es ESP,FW,Mallorca,34,1987,17.2,23,13,8,11,4,2,11,18.2,9,307,67,21.8,46,155,106,14,1,0,13,5,28,14,0,Matches,8cfc2f69
497,Óscar Rodríguez Arnaiz,es ESP,MFFW,Getafe,23,1998,10.5,17,12,6,11,0,6,11,54.5,5,134,31,23.1,30,77,27,11,1,0,10,23,40,6,0,Matches,19709006
498,Óscar Rodríguez Arnaiz,es ESP,FWMF,Sevilla,23,1998,4.6,10,9,2,4,4,2,4,50.0,2,61,17,27.9,10,37,14,5,0,0,5,9,19,5,0,Matches,19709006
499,Dani Rodríguez,es ESP,MFFW,Mallorca,33,1988,31.5,48,38,19,19,10,14,42,33.3,28,636,171,26.9,140,335,161,36,3,0,33,34,82,19,0,Matches,70f8e0bd
500,Guido Rodríguez,ar ARG,MF,Betis,27,1994,28.1,90,57,46,40,4,40,85,47.1,45,636,173,27.2,237,345,54,61,12,0,49,50,140,58,0,Matches,34e393f2
501,Rodrygo,br BRA,FW,Real Madrid,20,2001,16.9,20,15,9,5,6,3,17,17.6,14,293,70,23.9,68,121,104,25,0,0,25,18,38,5,0,Matches,8f5e92a6
502,Leonardo Román,es ESP,GK,Mallorca,21,2000,2.0,0,0,0,0,0,0,0,,0,0,0,,0,0,0,0,0,0,0,0,0,0,0,Matches,924ff27e
503,Iván Romero,es ESP,FW,Sevilla,20,2001,2.0,1,1,0,1,0,0,0,,0,53,15,28.3,2,19,32,2,0,0,2,3,4,0,0,Matches,2fbe6af0
504,Unai Ropero,es ESP,MF,Alavés,19,2001,0.1,0,0,0,0,0,0,0,,0,6,1,16.7,1,4,1,0,0,0,0,0,0,0,0,Matches,7868c973
505,Rubén,es ESP,DF,Espanyol,20,2001,1.7,4,1,2,2,0,2,5,40.0,3,19,3,15.8,12,5,2,3,0,0,3,2,6,5,0,Matches,35d4f151
506,Aitor Ruibal,es ESP,FWDF,Betis,25,1996,9.5,24,15,14,5,5,9,31,29.0,22,198,53,26.8,65,83,50,14,0,0,14,16,40,4,0,Matches,a55d8df5
507,Isma Ruiz,es ESP,MF,Granada,20,2001,3.1,3,1,3,0,0,3,8,37.5,5,76,27,35.5,40,32,4,7,3,0,4,7,10,3,0,Matches,6e36226f
508,Víctor Ruiz,es ESP,DF,Betis,32,1989,15.8,11,6,5,4,2,4,6,66.7,2,90,33,36.7,42,42,6,29,15,0,14,42,53,72,2,Matches,b3dc6eca
509,Gerónimo Rulli,ar ARG,GK,Villarreal,29,1992,32.0,0,0,0,0,0,0,4,0.0,4,6,1,16.7,6,0,0,0,0,0,0,0,0,0,4,Matches,625c144a
510,Franco Russo,ar ARG,DF,Mallorca,26,1994,16.3,21,13,13,7,1,5,16,31.3,11,133,42,31.6,75,49,9,32,14,0,18,40,61,75,2,Matches,b75ac54b
511,Mathew Ryan,au AUS,GK,Real Sociedad,29,1992,3.0,0,0,0,0,0,0,0,,0,1,1,100.0,1,0,0,0,0,0,0,0,0,0,0,Matches,4535e4bb
512,Youssouf Sabaly,sn SEN,DF,Betis,28,1993,8.8,12,7,12,0,0,6,12,50.0,6,81,28,34.6,44,19,18,23,4,0,19,19,31,15,1,Matches,fbbb9269
513,Salvi,es ESP,MFFW,Cádiz,30,1991,15.5,18,10,7,9,2,3,16,18.8,13,241,54,22.4,57,120,64,22,2,0,20,8,26,21,0,Matches,405f267a
514,Fede San Emeterio,es ESP,MF,Cádiz,24,1997,9.2,19,12,9,10,0,7,16,43.8,9,219,69,31.5,81,117,21,4,0,0,4,8,27,12,0,Matches,efecd633
515,Oihan Sancet,es ESP,FW,Athletic Club,21,2000,15.8,18,11,3,10,5,4,7,57.1,3,270,77,28.5,20,110,140,9,1,0,8,7,25,11,0,Matches,bdb624a3
516,Antonio Sánchez,es ESP,MFFW,Mallorca,24,1997,18.0,55,28,23,23,9,22,45,48.9,23,466,115,24.7,137,238,91,42,4,0,38,39,94,32,1,Matches,a254bbe0
517,Germán Sánchez,es ESP,DF,Granada,34,1986,25.5,30,16,21,9,0,15,28,53.6,13,172,66,38.4,94,74,4,32,16,1,16,36,66,167,0,Matches,ea9b2ef9
518,Juan Sánchez,es ESP,MF,Sevilla,17,2003,0.1,1,1,1,0,0,0,1,0.0,1,5,1,20.0,4,0,1,1,0,0,1,0,1,0,0,Matches,ff4f78e1
519,Manuel Sánchez,es ESP,DF,Osasuna,20,2000,25.1,71,40,39,19,13,42,88,47.7,46,544,148,27.2,195,239,110,41,4,0,37,33,104,41,0,Matches,ffacd3d5
520,Oier Sanjurjo,es ESP,MF,Osasuna,35,1986,8.4,13,10,5,6,2,5,20,25.0,15,164,41,25.0,49,92,23,9,4,0,5,2,15,10,0,Matches,466824fb
521,Jesús Santiago,es ESP,MF,Valencia,17,2004,0.9,2,1,0,2,0,0,1,0.0,1,25,5,20.0,7,12,6,1,0,0,1,0,2,1,0,Matches,bc49fd34
522,Sergio Santos,es ESP,DF,Real Madrid,20,2001,0.1,0,0,0,0,0,0,0,,0,1,1,100.0,0,1,0,0,0,0,0,0,0,0,0,Matches,cf59e05f
523,Alvaro Sanz,es ESP,MF,Barcelona,20,2001,0.3,0,0,0,0,0,0,0,,0,8,2,25.0,1,5,2,0,0,0,0,1,1,0,0,Matches,eaefa2d0
524,Marcelo Saracchi,uy URU,DF,Levante,23,1998,2.1,6,3,5,0,1,2,3,66.7,1,30,9,30.0,12,13,5,5,0,0,5,4,10,6,0,Matches,1c96ad85
525,Joan Sastre Vanrell,es ESP,DF,Mallorca,24,1997,2.9,6,4,4,1,1,1,4,25.0,3,30,13,43.3,17,11,2,1,0,0,1,7,13,14,0,Matches,f9acf8bf
526,Esteban Saveljich,me MNE,DF,Rayo Vallecano,30,1991,18.9,20,12,12,8,0,7,12,58.3,5,131,49,37.4,66,63,2,28,12,0,16,22,42,94,0,Matches,79f2a5f5
527,Stefan Savić,me MNE,DF,Atlético Madrid,30,1991,27.1,43,14,29,12,2,21,37,56.8,16,221,70,31.7,118,86,17,38,13,0,25,37,80,102,1,Matches,f6ac68c1
528,Valentino Scotta,es ESP,DF,Sevilla,19,2001,0.0,0,0,0,0,0,0,0,,0,0,0,,0,0,0,0,0,0,0,1,1,0,0,Matches,98529579
529,Aleksandar Sedlar,rs SRB,DFMF,Mallorca,29,1991,4.5,4,3,4,0,0,2,4,50.0,2,33,10,30.3,18,15,0,7,5,0,2,6,10,19,0,Matches,a35134ae
530,Javier Serrano,es ESP,MF,Atlético Madrid,18,2003,0.8,2,1,1,1,0,0,3,0.0,3,28,8,28.6,8,20,0,0,0,0,0,0,2,1,0,Matches,0a8fd9cb
531,Nicolás Serrano,es ESP,MF,Athletic Club,18,2003,3.5,9,7,2,5,2,4,10,40.0,6,98,22,22.4,19,49,30,10,1,0,9,6,15,1,0,Matches,2ad0e5e5
532,Salva Sevilla,es ESP,MF,Mallorca,37,1984,16.7,19,14,7,11,1,5,18,27.8,13,176,58,33.0,72,81,23,22,8,1,14,21,40,14,0,Matches,75bd85ea
533,David Silva,es ESP,MF,Real Sociedad,35,1986,19.1,33,28,11,18,4,5,22,22.7,17,316,101,32.0,71,161,84,19,4,0,15,15,48,11,0,Matches,e2716bd0
534,Jonathan Silva,ar ARG,DFMF,Getafe,27,1994,2.5,8,2,4,2,2,2,8,25.0,6,59,13,22.0,16,25,18,8,0,0,8,5,13,7,0,Matches,f2308b33
535,Rui Silva,pt POR,GK,Betis,27,1994,21.8,0,0,0,0,0,0,2,0.0,2,2,0,0.0,2,0,0,0,0,0,0,0,0,1,2,Matches,ea83bfa6
536,Giuliano Simeone,ar ARG,DF,Atlético Madrid,18,2002,0.0,0,0,0,0,0,0,0,,0,1,0,0.0,0,0,1,0,0,0,0,0,0,0,0,Matches,a6536561
537,Unai Simón,es ESP,GK,Athletic Club,24,1997,34.0,0,0,0,0,0,0,1,0.0,1,2,0,0.0,2,0,0,0,0,0,0,0,0,0,2,Matches,5dcf3e90
538,Antonio Sivera,es ESP,GK,Alavés,24,1996,3.1,0,0,0,0,0,0,2,0.0,2,3,0,0.0,3,0,0,0,0,0,0,0,0,0,0,Matches,9970da54
539,Rubén Sobrino,es ESP,FWMF,Cádiz,29,1992,20.7,29,18,16,9,4,3,28,10.7,25,453,103,22.7,110,228,115,27,2,0,25,28,57,19,0,Matches,19b776e9
540,Rubén Sobrino,es ESP,MF,Valencia,29,1992,0.2,1,0,1,0,0,0,0,,0,8,0,0.0,4,3,1,1,0,0,1,0,1,1,0,Matches,19b776e9
541,Alex Sola,es ESP,DFFW,Real Sociedad,22,1999,0.5,1,1,1,0,0,1,2,50.0,1,6,1,16.7,3,2,1,3,0,0,3,1,2,4,0,Matches,5fa714d5
542,Augusto Solari,ar ARG,MFDF,Celta Vigo,29,1992,7.9,27,19,10,11,6,9,24,37.5,15,258,73,28.3,80,123,55,16,5,0,11,15,42,14,0,Matches,3ca6106c
543,Roberto Soldado,es ESP,FW,Levante,36,1985,7.4,5,2,0,2,3,2,5,40.0,3,79,20,25.3,2,27,50,6,0,0,6,3,8,8,0,Matches,9d66fbe3
544,Carlos Soler,es ESP,MF,Valencia,24,1997,27.5,29,19,11,13,5,8,34,23.5,26,475,138,29.1,112,261,102,30,5,0,25,18,47,35,0,Matches,fed17f5a
545,Son,es ESP,DF,Levante,27,1994,21.9,27,15,15,7,5,16,34,47.1,18,204,61,29.9,95,58,51,33,5,1,28,36,63,43,0,Matches,037dbd30
546,David Soria,es ESP,GK,Getafe,28,1993,37.9,0,0,0,0,0,0,1,0.0,1,0,0,,0,0,0,0,0,0,0,0,0,0,1,Matches,8f8c6934
547,Alexander Sørloth,no NOR,FW,Real Sociedad,25,1995,19.6,25,15,5,9,11,6,17,35.3,11,345,84,24.3,37,147,161,13,1,0,12,7,32,14,0,Matches,e92cd3f7
548,Alberto Soro,es ESP,MFFW,Granada,22,1999,6.4,15,12,4,7,4,3,9,33.3,6,135,54,40.0,40,67,28,25,2,1,23,7,22,5,0,Matches,452c3055
549,Hugo Sotelo,es ESP,MF,Celta Vigo,17,2003,0.0,0,0,0,0,0,0,0,,0,3,2,66.7,0,3,0,0,0,0,0,0,0,0,0,Matches,3aa74860
550,Damián Suárez,uy URU,DF,Getafe,33,1988,30.1,77,50,38,29,10,43,95,45.3,52,522,159,30.5,186,245,91,60,5,0,55,67,144,37,0,Matches,ba5004e1
551,Denis Suárez,es ESP,MF,Celta Vigo,27,1994,31.3,65,38,18,39,8,23,76,30.3,53,652,182,27.9,153,370,129,40,6,0,34,21,86,14,0,Matches,12c50af5
552,Luis Suárez,uy URU,FW,Atlético Madrid,34,1987,20.4,8,4,1,4,3,3,10,30.0,7,176,45,25.6,15,82,79,7,2,0,5,3,11,14,0,Matches,a6154613
553,Mario Suárez,es ESP,DF,Rayo Vallecano,34,1987,7.9,8,4,6,2,0,5,14,35.7,9,59,15,25.4,37,20,2,8,4,0,4,18,26,55,0,Matches,7106f0a0
554,Suso,es ESP,FW,Sevilla,27,1993,4.3,5,2,1,4,0,2,7,28.6,5,45,13,28.9,9,28,8,6,0,0,6,1,6,0,0,Matches,4e219ad2
555,Mamadou Sylla,sn SEN,FWMF,Rayo Vallecano,27,1994,2.8,3,2,1,2,0,0,1,0.0,1,48,16,33.3,7,17,24,2,1,0,1,3,6,3,0,Matches,e5ec95f8
556,Mamadou Sylla,sn SEN,FW,Alavés,27,1994,4.4,4,3,0,2,2,2,3,66.7,1,90,25,27.8,5,51,34,0,0,0,0,1,5,4,0,Matches,e5ec95f8
557,Tachi,es ESP,DF,Alavés,23,1997,2.7,5,3,3,2,0,5,9,55.6,4,28,11,39.3,14,12,2,5,3,0,2,5,10,15,0,Matches,8b625720
558,Renato Tapia,pe PER,MF,Celta Vigo,26,1995,15.7,56,42,18,35,3,13,41,31.7,28,327,106,32.4,112,186,29,36,6,0,30,36,92,36,1,Matches,34269bdf
559,Cristian Tello,es ESP,FWMF,Betis,29,1991,9.1,15,8,7,5,3,11,28,39.3,17,173,39,22.5,47,77,49,14,0,0,14,11,26,6,0,Matches,72a99e38
560,Nahuel Tenaglia,ar ARG,DF,Alavés,25,1996,11.9,39,23,30,6,3,17,31,54.8,14,189,52,27.5,99,72,18,21,3,0,18,34,73,45,1,Matches,66654daa
561,Marc Tenas,es ESP,FWMF,Alavés,20,2001,0.6,2,1,2,0,0,1,1,100.0,0,23,8,34.8,3,13,7,1,0,0,1,0,2,0,0,Matches,1c5d79e2
562,Marc-André ter Stegen,de GER,GK,Barcelona,29,1992,35.0,0,0,0,0,0,0,2,0.0,2,3,2,66.7,3,0,0,0,0,0,0,0,0,0,4,Matches,6f51e382
563,David Timor,es ESP,MF,Getafe,31,1989,3.8,1,0,0,1,0,1,3,33.3,2,37,5,13.5,8,22,7,5,3,0,2,4,5,7,1,Matches,174651c8
564,Raúl de Tomás,es ESP,FW,Espanyol,26,1994,32.4,17,6,6,8,3,5,14,35.7,9,286,55,19.2,45,145,96,27,6,0,21,9,26,39,0,Matches,02ef8778
565,Raúl Torrente,es ESP,DF,Granada,19,2001,14.2,38,21,25,12,1,15,24,62.5,9,179,57,31.8,113,65,1,21,11,0,10,19,57,69,0,Matches,4d753a3f
566,Ferrán Torres,es ESP,FW,Barcelona,21,2000,15.7,9,5,4,2,3,4,11,36.4,7,189,55,29.1,21,85,83,12,3,0,9,8,17,6,0,Matches,9e1035f8
567,Óliver Torres,es ESP,MFFW,Sevilla,26,1994,11.2,20,11,5,12,3,5,23,21.7,18,274,64,23.4,59,149,66,15,1,0,14,9,29,5,0,Matches,58a9a4d9
568,Pau Torres,es ESP,DF,Villarreal,24,1997,31.7,28,14,21,6,1,11,21,52.4,10,194,66,34.0,96,86,12,43,25,0,18,44,72,120,2,Matches,532e1e4f
569,Roberto Torres,es ESP,MFFW,Osasuna,32,1989,9.0,6,3,2,2,2,3,11,27.3,8,102,20,19.6,26,44,32,11,0,0,11,12,18,7,0,Matches,d733aa38
570,Lucas Torró,es ESP,MF,Osasuna,27,1994,30.3,84,52,31,46,7,39,68,57.4,29,495,152,30.7,147,284,64,56,10,0,46,73,157,80,0,Matches,0e4fef6e
571,Adama Traoré,es ESP,FWDF,Barcelona,25,1996,4.2,3,0,0,2,1,1,4,25.0,3,39,9,23.1,8,12,19,5,1,0,4,5,8,1,0,Matches,9a28eba4
572,Óscar Trejo,ar ARG,MF,Rayo Vallecano,33,1988,22.3,43,31,13,19,11,14,42,33.3,28,569,145,25.5,106,300,163,27,1,0,26,17,60,14,0,Matches,fc647b34
573,Manu Trigueros,es ESP,MFFW,Villarreal,29,1991,24.2,43,26,17,19,7,20,66,30.3,46,488,115,23.6,129,258,101,26,3,0,23,12,55,15,0,Matches,963829d0
574,Kieran Trippier,eng ENG,DF,Atlético Madrid,30,1990,10.8,26,13,14,8,4,10,22,45.5,12,134,36,26.9,54,53,27,18,1,0,17,13,39,15,1,Matches,21512407
575,Beñat Turrientes,es ESP,MF,Real Sociedad,19,2002,2.3,2,1,0,1,1,0,5,0.0,5,38,13,34.2,8,19,11,2,0,0,2,2,4,4,0,Matches,068f4dec
576,Samuel Umtiti,fr FRA,DF,Barcelona,27,1993,1.0,2,2,1,1,0,2,3,66.7,1,7,5,71.4,4,3,0,2,1,0,1,1,3,2,0,Matches,3eed9821
577,Enes Ünal,tr TUR,FW,Getafe,24,1997,31.1,34,18,2,17,15,7,34,20.6,27,758,171,22.6,44,405,309,31,6,0,25,7,41,32,0,Matches,f8eca1b6
578,Myrto Uzuni,al ALB,MFFW,Granada,26,1995,9.5,13,9,10,2,1,2,6,33.3,4,199,50,25.1,57,75,67,19,2,0,17,15,28,5,0,Matches,01da7812
579,Álvaro Vadillo,es ESP,MFDF,Espanyol,26,1994,0.1,1,0,1,0,0,0,1,0.0,1,6,0,0.0,5,0,1,1,0,0,1,0,1,1,0,Matches,61b62b33
580,Óscar Valentín,es ESP,MF,Rayo Vallecano,26,1994,28.5,119,66,57,54,8,53,122,43.4,69,761,263,34.6,280,426,55,49,11,1,38,82,201,49,0,Matches,592f3158
581,Germán Valera,es ESP,FWMF,Real Sociedad,19,2002,0.6,3,1,2,1,0,1,1,100.0,0,14,5,35.7,6,4,4,1,0,0,1,0,3,1,0,Matches,84f55b4a
582,Martin Valjent,sk SVK,DF,Mallorca,25,1995,35.3,34,18,20,13,1,13,27,48.1,14,230,75,32.6,132,89,9,66,31,1,35,56,90,178,1,Matches,f2c6ac01
583,Jesús Vallejo,es ESP,DF,Real Madrid,24,1997,3.8,8,7,8,0,0,7,9,77.8,2,47,17,36.2,34,11,2,15,8,0,7,5,13,15,0,Matches,c2111b45
584,Manu Vallejo,es ESP,FWMF,Valencia,24,1997,1.1,3,2,1,1,1,0,1,0.0,1,33,9,27.3,7,15,11,1,0,0,1,0,3,1,0,Matches,0bc4e720
585,Manu Vallejo,es ESP,MFFW,Alavés,24,1997,4.1,8,4,1,6,1,1,8,12.5,7,123,38,30.9,20,63,40,5,0,0,5,7,15,3,0,Matches,0bc4e720
586,Federico Valverde,uy URU,MF,Real Madrid,23,1998,20.4,33,21,7,18,8,9,30,30.0,21,303,101,33.3,76,154,73,24,4,0,20,41,74,16,0,Matches,0959c2a2
587,José Luis García Vayá,es ESP,MF,Levante,22,1998,22.4,56,36,19,30,7,22,40,55.0,18,445,126,28.3,161,232,52,36,5,0,31,40,96,32,0,Matches,27dc1378
588,Jesus Vazquez,es ESP,DF,Valencia,18,2003,9.0,27,21,14,7,6,9,20,45.0,11,165,57,34.5,68,58,39,18,3,0,15,15,42,19,0,Matches,106c142c
589,Kevin Vázquez,es ESP,DF,Celta Vigo,28,1993,14.8,41,24,21,15,5,17,29,58.6,12,186,66,35.5,77,71,38,37,8,0,29,39,80,32,0,Matches,ee923664
590,Lucas Vázquez,es ESP,DF,Real Madrid,30,1991,20.4,48,31,31,9,8,22,39,56.4,17,294,95,32.3,136,95,63,44,7,0,37,29,77,28,1,Matches,fd51b456
591,Gabriel Veiga,es ESP,MF,Celta Vigo,19,2002,1.2,4,3,1,1,2,2,9,22.2,7,49,17,34.7,13,22,14,5,0,0,5,3,7,2,0,Matches,35a6e5c7
592,Unai Vencedor Paris,es ESP,MF,Athletic Club,20,2000,26.5,30,19,11,12,7,8,37,21.6,29,421,104,24.7,111,233,77,45,16,0,29,25,55,32,0,Matches,4112ace5
593,Gonzalo Verdú,es ESP,DF,Elche,32,1988,15.5,23,17,19,3,1,9,15,60.0,6,127,36,28.3,84,37,6,29,16,0,13,23,46,71,1,Matches,1c2c55fc
594,Mikel Vesga,es ESP,MF,Athletic Club,28,1993,15.1,24,13,5,17,2,8,22,36.4,14,281,81,28.8,69,169,43,29,6,0,23,28,52,41,0,Matches,b0fce72c
595,Rúben Vezo,pt POR,DF,Levante,27,1994,26.9,57,33,38,17,2,21,36,58.3,15,232,72,31.0,153,71,8,52,25,0,27,45,102,107,1,Matches,c67cd65c
596,Aleix Vidal,es ESP,DFMF,Espanyol,31,1989,21.1,34,27,22,7,5,17,41,41.5,24,226,67,29.6,114,71,41,39,7,0,32,51,85,29,1,Matches,04965583
597,Nacho Vidal,es ESP,DF,Osasuna,26,1995,32.2,76,43,46,21,9,39,87,44.8,48,446,128,28.7,207,150,89,81,14,0,67,59,135,78,0,Matches,3a9c4b7b
598,Dídac Vilà,es ESP,DFMF,Espanyol,32,1989,2.3,5,2,1,4,0,2,6,33.3,4,38,11,28.9,14,15,9,2,1,0,1,5,10,9,0,Matches,bad38a94
599,Tonny Vilhena,nl NED,MFFW,Espanyol,26,1995,10.3,16,7,7,8,1,5,17,29.4,12,195,44,22.6,73,80,42,19,3,0,16,12,28,15,0,Matches,c7069d87
600,Daniel Villahermosa,es ESP,MF,Espanyol,20,2001,0.3,0,0,0,0,0,0,0,,0,2,0,0.0,0,1,1,0,0,0,0,0,0,1,0,Matches,de903ae2
601,Asier Villalibre,es ESP,FW,Athletic Club,23,1997,6.1,4,3,2,1,1,2,4,50.0,2,100,27,27.0,5,38,57,7,1,0,6,0,4,6,0,Matches,57be54ec
602,Gonzalo Villar,es ESP,MF,Getafe,23,1998,3.3,7,5,4,2,1,3,7,42.9,4,68,21,30.9,26,34,8,3,1,0,2,3,10,5,0,Matches,bdc74a8f
603,Vitolo,es ESP,MFFW,Getafe,31,1989,2.5,5,1,1,3,1,2,7,28.6,5,56,16,28.6,13,29,14,1,0,0,1,1,6,1,0,Matches,db750822
604,Daniel Vivian,es ESP,DF,Athletic Club,22,1999,22.1,34,24,22,9,3,17,31,54.8,14,167,65,38.9,88,73,6,33,14,0,19,38,72,121,1,Matches,ab7bf91d
605,Šime Vrsaljko,hr CRO,DF,Atlético Madrid,29,1992,10.2,32,19,15,13,4,16,24,66.7,8,138,44,31.9,64,52,22,24,4,0,20,12,44,29,0,Matches,46a8347f
606,Nikola Vukčević,me MNE,MF,Levante,29,1991,1.3,4,2,3,1,0,1,3,33.3,2,32,12,37.5,11,19,2,2,0,0,2,4,8,3,0,Matches,4442fbcd
607,Daniel Wass,dk DEN,MF,Valencia,32,1989,17.6,29,22,10,18,1,7,25,28.0,18,242,54,22.3,58,148,36,22,2,0,20,16,45,21,0,Matches,d83bbc54
608,Daniel Wass,dk DEN,DF,Atlético Madrid,32,1989,0.5,1,0,1,0,0,1,1,100.0,0,8,5,62.5,2,2,4,0,0,0,0,1,2,3,0,Matches,d83bbc54
609,Iñaki Williams,es ESP,FW,Athletic Club,27,1994,30.9,17,11,2,6,9,5,13,38.5,8,432,115,26.6,15,162,255,17,4,0,13,4,21,22,0,Matches,6a99e0b1
610,Nico Williams,es ESP,MF,Athletic Club,19,2002,14.9,23,15,6,8,9,6,29,20.7,23,332,83,25.0,68,146,118,24,3,0,21,12,35,4,0,Matches,afdc14d7
611,Okay Yokuşlu,tr TUR,DFMF,Getafe,27,1994,5.2,9,7,7,2,0,1,2,50.0,1,40,16,40.0,22,15,3,6,4,0,2,6,15,20,0,Matches,e49ce451
612,Okay Yokuşlu,tr TUR,DFMF,Celta Vigo,27,1994,1.6,3,2,1,1,1,1,2,50.0,1,19,9,47.4,9,8,2,2,1,0,1,5,8,7,0,Matches,e49ce451
613,Joseba Zaldúa,es ESP,DF,Real Sociedad,29,1992,13.0,38,22,25,10,3,16,24,66.7,8,171,42,24.6,90,57,24,29,5,1,24,12,50,37,0,Matches,5ca20b7a
614,Oier Zarraga,es ESP,MF,Athletic Club,22,1999,13.0,16,9,5,9,2,4,19,21.1,15,219,45,20.5,52,112,55,21,11,0,10,18,34,8,0,Matches,968a1c2f
615,Luca Zidane,fr FRA,GKMF,Rayo Vallecano,23,1998,7.2,0,0,0,0,0,0,1,0.0,1,2,0,0.0,2,0,0,0,0,0,0,0,0,0,1,Matches,c818c4d9
616,Igor Zubeldia,es ESP,DF,Real Sociedad,24,1997,18.3,26,15,17,9,0,13,21,61.9,8,155,48,31.0,79,56,20,27,9,0,18,31,57,63,0,Matches,5c7845f6
617,Martín Zubimendi,es ESP,MF,Real Sociedad,22,1999,28.8,61,32,27,27,7,22,40,55.0,18,394,129,32.7,132,216,46,39,14,0,25,50,111,64,0,Matches,3ee0dd59
